date,year,month,quarter,segment,sample_count,depth_bins_1m,effective_spacing_m,mae,rmse,r2,stable_day,stability_threshold,data_status
2023-01-01,2023,1,Q1,full_year_stable,10959,3606,1.0724,0.045,0.0773,0.9954,True,MAE<=0.10C_and_RMSE<=0.20C,fixed_equation_evaluation_record
2023-01-02,2023,1,Q1,full_year_stable,10812,3560,1.0862,0.0433,0.0917,0.9927,True,MAE<=0.10C_and_RMSE<=0.20C,fixed_equation_evaluation_record
2023-01-03,2023,1,Q1,full_year_stable,10549,3647,1.0603,0.0387,0.0919,0.9951,True,MAE<=0.10C_and_RMSE<=0.20C,fixed_equation_evaluation_record
2023-01-04,2023,1,Q1,full_year_stable,11109,3650,1.0595,0.0392,0.0793,0.9937,True,MAE<=0.10C_and_RMSE<=0.20C,fixed_equation_evaluation_record
2023-01-05,2023,1,Q1,full_year_stable,10241,3740,1.034,0.0327,0.074,0.9939,True,MAE<=0.10C_and_RMSE<=0.20C,fixed_equation_evaluation_record
2023-01-06,2023,1,Q1,full_year_stable,10556,3660,1.0566,0.0339,0.0792,0.9926,True,MAE<=0.10C_and_RMSE<=0.20C,fixed_equation_evaluation_record
2023-01-07,2023,1,Q1,full_year_stable,11781,3644,1.0612,0.0312,0.0656,0.9937,True,MAE<=0.10C_and_RMSE<=0.20C,fixed_equation_evaluation_record
2023-01-08,2023,1,Q1,full_year_stable,11174,3613,1.0703,0.0346,0.0807,0.9934,True,MAE<=0.10C_and_RMSE<=0.20C,fixed_equation_evaluation_record
2023-01-09,2023,1,Q1,full_year_stable,11349,3566,1.0844,0.0351,0.0689,0.9932,True,MAE<=0.10C_and_RMSE<=0.20C,fixed_equation_evaluation_record
2023-01-10,2023,1,Q1,full_year_stable,10696,3698,1.0457,0.0339,0.0713,0.9973,True,MAE<=0.10C_and_RMSE<=0.20C,fixed_equation_evaluation_record
2023-01-11,2023,1,Q1,full_year_stable,11471,3631,1.065,0.0352,0.0847,0.9945,True,MAE<=0.10C_and_RMSE<=0.20C,fixed_equation_evaluation_record
2023-01-12,2023,1,Q1,full_year_stable,10619,3678,1.0514,0.0356,0.0845,0.992,True,MAE<=0.10C_and_RMSE<=0.20C,fixed_equation_evaluation_record
2023-01-13,2023,1,Q1,full_year_stable,10386,3659,1.0568,0.0379,0.0792,0.9952,True,MAE<=0.10C_and_RMSE<=0.20C,fixed_equation_evaluation_record
2023-01-14,2023,1,Q1,full_year_stable,11144,3681,1.0505,0.0396,0.0813,0.9938,True,MAE<=0.10C_and_RMSE<=0.20C,fixed_equation_evaluation_record
2023-01-15,2023,1,Q1,full_year_stable,11371,3670,1.0537,0.0426,0.0712,0.9948,True,MAE<=0.10C_and_RMSE<=0.20C,fixed_equation_evaluation_record
2023-01-16,2023,1,Q1,full_year_stable,11370,3555,1.0878,0.0412,0.0791,0.9949,True,MAE<=0.10C_and_RMSE<=0.20C,fixed_equation_evaluation_record
2023-01-17,2023,1,Q1,full_year_stable,11051,3646,1.0606,0.0367,0.0797,0.9933,True,MAE<=0.10C_and_RMSE<=0.20C,fixed_equation_evaluation_record
2023-01-18,2023,1,Q1,full_year_stable,10335,3655,1.058,0.0408,0.0691,0.9941,True,MAE<=0.10C_and_RMSE<=0.20C,fixed_equation_evaluation_record
2023-01-19,2023,1,Q1,full_year_stable,10157,3629,1.0656,0.0396,0.0798,0.9936,True,MAE<=0.10C_and_RMSE<=0.20C,fixed_equation_evaluation_record
2023-01-20,2023,1,Q1,full_year_stable,11248,3592,1.0766,0.0369,0.0715,0.9945,True,MAE<=0.10C_and_RMSE<=0.20C,fixed_equation_evaluation_record
2023-01-21,2023,1,Q1,full_year_stable,11029,3654,1.0583,0.0362,0.0852,0.9953,True,MAE<=0.10C_and_RMSE<=0.20C,fixed_equation_evaluation_record
2023-01-22,2023,1,Q1,full_year_stable,11254,3637,1.0632,0.0366,0.0727,0.9936,True,MAE<=0.10C_and_RMSE<=0.20C,fixed_equation_evaluation_record
2023-01-23,2023,1,Q1,full_year_stable,11924,3584,1.079,0.0377,0.0765,0.9955,True,MAE<=0.10C_and_RMSE<=0.20C,fixed_equation_evaluation_record
2023-01-24,2023,1,Q1,full_year_stable,11308,3618,1.0688,0.0433,0.0849,0.9934,True,MAE<=0.10C_and_RMSE<=0.20C,fixed_equation_evaluation_record
2023-01-25,2023,1,Q1,full_year_stable,10650,3621,1.0679,0.0484,0.0856,0.9929,True,MAE<=0.10C_and_RMSE<=0.20C,fixed_equation_evaluation_record
2023-01-26,2023,1,Q1,full_year_stable,11087,3647,1.0603,0.0522,0.0945,0.9944,True,MAE<=0.10C_and_RMSE<=0.20C,fixed_equation_evaluation_record
2023-01-27,2023,1,Q1,full_year_stable,11094,3651,1.0592,0.0425,0.0767,0.9944,True,MAE<=0.10C_and_RMSE<=0.20C,fixed_equation_evaluation_record
2023-01-28,2023,1,Q1,full_year_stable,11715,3676,1.052,0.0466,0.0873,0.9933,True,MAE<=0.10C_and_RMSE<=0.20C,fixed_equation_evaluation_record
2023-01-29,2023,1,Q1,full_year_stable,10833,3655,1.058,0.0543,0.0986,0.994,True,MAE<=0.10C_and_RMSE<=0.20C,fixed_equation_evaluation_record
2023-01-30,2023,1,Q1,full_year_stable,11435,3605,1.0727,0.053,0.0767,0.9937,True,MAE<=0.10C_and_RMSE<=0.20C,fixed_equation_evaluation_record
2023-01-31,2023,1,Q1,full_year_stable,10624,3631,1.065,0.0565,0.0949,0.9927,True,MAE<=0.10C_and_RMSE<=0.20C,fixed_equation_evaluation_record
2023-02-01,2023,2,Q1,full_year_stable,11052,3615,1.0697,0.0388,0.0773,0.9949,True,MAE<=0.10C_and_RMSE<=0.20C,fixed_equation_evaluation_record
2023-02-02,2023,2,Q1,full_year_stable,11041,3739,1.0342,0.0348,0.0829,0.9953,True,MAE<=0.10C_and_RMSE<=0.20C,fixed_equation_evaluation_record
2023-02-03,2023,2,Q1,full_year_stable,11008,3662,1.056,0.0456,0.0835,0.9953,True,MAE<=0.10C_and_RMSE<=0.20C,fixed_equation_evaluation_record
2023-02-04,2023,2,Q1,full_year_stable,11323,3707,1.0432,0.0412,0.092,0.9942,True,MAE<=0.10C_and_RMSE<=0.20C,fixed_equation_evaluation_record
2023-02-05,2023,2,Q1,full_year_stable,11322,3579,1.0805,0.0348,0.0863,0.9943,True,MAE<=0.10C_and_RMSE<=0.20C,fixed_equation_evaluation_record
2023-02-06,2023,2,Q1,full_year_stable,11282,3661,1.0563,0.0301,0.0596,0.9944,True,MAE<=0.10C_and_RMSE<=0.20C,fixed_equation_evaluation_record
2023-02-07,2023,2,Q1,full_year_stable,11056,3736,1.0351,0.0364,0.0827,0.9952,True,MAE<=0.10C_and_RMSE<=0.20C,fixed_equation_evaluation_record
2023-02-08,2023,2,Q1,full_year_stable,11420,3673,1.0528,0.0438,0.0824,0.9948,True,MAE<=0.10C_and_RMSE<=0.20C,fixed_equation_evaluation_record
2023-02-09,2023,2,Q1,full_year_stable,11380,3695,1.0465,0.0436,0.08,0.9936,True,MAE<=0.10C_and_RMSE<=0.20C,fixed_equation_evaluation_record
2023-02-10,2023,2,Q1,full_year_stable,10719,3618,1.0688,0.0472,0.0964,0.9943,True,MAE<=0.10C_and_RMSE<=0.20C,fixed_equation_evaluation_record
2023-02-11,2023,2,Q1,full_year_stable,10731,3631,1.065,0.0515,0.0893,0.9921,True,MAE<=0.10C_and_RMSE<=0.20C,fixed_equation_evaluation_record
2023-02-12,2023,2,Q1,full_year_stable,11050,3688,1.0485,0.0586,0.0958,0.9915,True,MAE<=0.10C_and_RMSE<=0.20C,fixed_equation_evaluation_record
2023-02-13,2023,2,Q1,full_year_stable,10869,3564,1.085,0.0516,0.0933,0.9942,True,MAE<=0.10C_and_RMSE<=0.20C,fixed_equation_evaluation_record
2023-02-14,2023,2,Q1,full_year_stable,10387,3586,1.0784,0.0493,0.0899,0.9935,True,MAE<=0.10C_and_RMSE<=0.20C,fixed_equation_evaluation_record
2023-02-15,2023,2,Q1,full_year_stable,11022,3650,1.0595,0.0518,0.0892,0.9931,True,MAE<=0.10C_and_RMSE<=0.20C,fixed_equation_evaluation_record
2023-02-16,2023,2,Q1,full_year_stable,10356,3725,1.0381,0.0473,0.0809,0.9953,True,MAE<=0.10C_and_RMSE<=0.20C,fixed_equation_evaluation_record
2023-02-17,2023,2,Q1,full_year_stable,11560,3654,1.0583,0.0402,0.0781,0.9951,True,MAE<=0.10C_and_RMSE<=0.20C,fixed_equation_evaluation_record
2023-02-18,2023,2,Q1,full_year_stable,11438,3617,1.0691,0.0444,0.0828,0.992,True,MAE<=0.10C_and_RMSE<=0.20C,fixed_equation_evaluation_record
2023-02-19,2023,2,Q1,full_year_stable,10919,3675,1.0522,0.0449,0.0969,0.9937,True,MAE<=0.10C_and_RMSE<=0.20C,fixed_equation_evaluation_record
2023-02-20,2023,2,Q1,full_year_stable,11364,3726,1.0378,0.0466,0.0979,0.9942,True,MAE<=0.10C_and_RMSE<=0.20C,fixed_equation_evaluation_record
2023-02-21,2023,2,Q1,full_year_stable,11264,3696,1.0463,0.044,0.0793,0.9947,True,MAE<=0.10C_and_RMSE<=0.20C,fixed_equation_evaluation_record
2023-02-22,2023,2,Q1,full_year_stable,11518,3712,1.0418,0.0457,0.0838,0.9937,True,MAE<=0.10C_and_RMSE<=0.20C,fixed_equation_evaluation_record
2023-02-23,2023,2,Q1,full_year_stable,10991,3604,1.073,0.0477,0.0783,0.993,True,MAE<=0.10C_and_RMSE<=0.20C,fixed_equation_evaluation_record
2023-02-24,2023,2,Q1,full_year_stable,11332,3694,1.0468,0.0412,0.0804,0.9934,True,MAE<=0.10C_and_RMSE<=0.20C,fixed_equation_evaluation_record
2023-02-25,2023,2,Q1,full_year_stable,11414,3664,1.0554,0.0353,0.0835,0.993,True,MAE<=0.10C_and_RMSE<=0.20C,fixed_equation_evaluation_record
2023-02-26,2023,2,Q1,full_year_stable,11588,3691,1.0477,0.0319,0.0636,0.9941,True,MAE<=0.10C_and_RMSE<=0.20C,fixed_equation_evaluation_record
2023-02-27,2023,2,Q1,full_year_stable,12095,3736,1.0351,0.0397,0.0866,0.9946,True,MAE<=0.10C_and_RMSE<=0.20C,fixed_equation_evaluation_record
2023-02-28,2023,2,Q1,full_year_stable,11722,3672,1.0531,0.0431,0.0722,0.9945,True,MAE<=0.10C_and_RMSE<=0.20C,fixed_equation_evaluation_record
2023-03-01,2023,3,Q1,full_year_stable,11318,3679,1.0511,0.0443,0.082,0.9942,True,MAE<=0.10C_and_RMSE<=0.20C,fixed_equation_evaluation_record
2023-03-02,2023,3,Q1,full_year_stable,11637,3664,1.0554,0.0485,0.0892,0.9939,True,MAE<=0.10C_and_RMSE<=0.20C,fixed_equation_evaluation_record
2023-03-03,2023,3,Q1,full_year_stable,11539,3740,1.034,0.0512,0.0901,0.9943,True,MAE<=0.10C_and_RMSE<=0.20C,fixed_equation_evaluation_record
2023-03-04,2023,3,Q1,full_year_stable,12008,3709,1.0426,0.0443,0.0923,0.9955,True,MAE<=0.10C_and_RMSE<=0.20C,fixed_equation_evaluation_record
2023-03-05,2023,3,Q1,full_year_stable,11479,3708,1.0429,0.0376,0.0699,0.9942,True,MAE<=0.10C_and_RMSE<=0.20C,fixed_equation_evaluation_record
2023-03-06,2023,3,Q1,full_year_stable,11924,3714,1.0412,0.0424,0.0774,0.994,True,MAE<=0.10C_and_RMSE<=0.20C,fixed_equation_evaluation_record
2023-03-07,2023,3,Q1,full_year_stable,11122,3676,1.052,0.0444,0.0926,0.9941,True,MAE<=0.10C_and_RMSE<=0.20C,fixed_equation_evaluation_record
2023-03-08,2023,3,Q1,full_year_stable,11588,3720,1.0395,0.0438,0.0827,0.9932,True,MAE<=0.10C_and_RMSE<=0.20C,fixed_equation_evaluation_record
2023-03-09,2023,3,Q1,full_year_stable,12013,3698,1.0457,0.043,0.079,0.994,True,MAE<=0.10C_and_RMSE<=0.20C,fixed_equation_evaluation_record
2023-03-10,2023,3,Q1,full_year_stable,11463,3620,1.0682,0.0456,0.0939,0.9945,True,MAE<=0.10C_and_RMSE<=0.20C,fixed_equation_evaluation_record
2023-03-11,2023,3,Q1,full_year_stable,11437,3689,1.0483,0.0462,0.0889,0.9952,True,MAE<=0.10C_and_RMSE<=0.20C,fixed_equation_evaluation_record
2023-03-12,2023,3,Q1,full_year_stable,11440,3682,1.0502,0.0476,0.0966,0.9944,True,MAE<=0.10C_and_RMSE<=0.20C,fixed_equation_evaluation_record
2023-03-13,2023,3,Q1,full_year_stable,11616,3680,1.0508,0.048,0.1005,0.9934,True,MAE<=0.10C_and_RMSE<=0.20C,fixed_equation_evaluation_record
2023-03-14,2023,3,Q1,full_year_stable,11786,3691,1.0477,0.0576,0.0851,0.9937,True,MAE<=0.10C_and_RMSE<=0.20C,fixed_equation_evaluation_record
2023-03-15,2023,3,Q1,full_year_stable,12006,3679,1.0511,0.0521,0.089,0.9938,True,MAE<=0.10C_and_RMSE<=0.20C,fixed_equation_evaluation_record
2023-03-16,2023,3,Q1,full_year_stable,11281,3714,1.0412,0.0511,0.0935,0.9925,True,MAE<=0.10C_and_RMSE<=0.20C,fixed_equation_evaluation_record
2023-03-17,2023,3,Q1,full_year_stable,11502,3739,1.0342,0.0503,0.0897,0.9932,True,MAE<=0.10C_and_RMSE<=0.20C,fixed_equation_evaluation_record
2023-03-18,2023,3,Q1,full_year_stable,11560,3728,1.0373,0.0485,0.0998,0.9943,True,MAE<=0.10C_and_RMSE<=0.20C,fixed_equation_evaluation_record
2023-03-19,2023,3,Q1,full_year_stable,11666,3670,1.0537,0.0419,0.0769,0.9946,True,MAE<=0.10C_and_RMSE<=0.20C,fixed_equation_evaluation_record
2023-03-20,2023,3,Q1,full_year_stable,11174,3660,1.0566,0.0434,0.0821,0.9944,True,MAE<=0.10C_and_RMSE<=0.20C,fixed_equation_evaluation_record
2023-03-21,2023,3,Q1,full_year_stable,11781,3615,1.0697,0.0398,0.0758,0.9951,True,MAE<=0.10C_and_RMSE<=0.20C,fixed_equation_evaluation_record
2023-03-22,2023,3,Q1,full_year_stable,11395,3667,1.0545,0.0396,0.0867,0.9933,True,MAE<=0.10C_and_RMSE<=0.20C,fixed_equation_evaluation_record
2023-03-23,2023,3,Q1,full_year_stable,11639,3726,1.0378,0.0421,0.0794,0.995,True,MAE<=0.10C_and_RMSE<=0.20C,fixed_equation_evaluation_record
2023-03-24,2023,3,Q1,full_year_stable,11307,3740,1.034,0.046,0.0967,0.9933,True,MAE<=0.10C_and_RMSE<=0.20C,fixed_equation_evaluation_record
2023-03-25,2023,3,Q1,full_year_stable,12364,3669,1.054,0.0435,0.0828,0.9932,True,MAE<=0.10C_and_RMSE<=0.20C,fixed_equation_evaluation_record
2023-03-26,2023,3,Q1,full_year_stable,11526,3740,1.034,0.0485,0.1015,0.9936,True,MAE<=0.10C_and_RMSE<=0.20C,fixed_equation_evaluation_record
2023-03-27,2023,3,Q1,full_year_stable,12451,3709,1.0426,0.0523,0.0868,0.991,True,MAE<=0.10C_and_RMSE<=0.20C,fixed_equation_evaluation_record
2023-03-28,2023,3,Q1,full_year_stable,11651,3712,1.0418,0.0472,0.0879,0.9937,True,MAE<=0.10C_and_RMSE<=0.20C,fixed_equation_evaluation_record
2023-03-29,2023,3,Q1,full_year_stable,11590,3639,1.0627,0.0424,0.0766,0.9953,True,MAE<=0.10C_and_RMSE<=0.20C,fixed_equation_evaluation_record
2023-03-30,2023,3,Q1,full_year_stable,10977,3716,1.0406,0.0502,0.0989,0.9929,True,MAE<=0.10C_and_RMSE<=0.20C,fixed_equation_evaluation_record
2023-03-31,2023,3,Q1,full_year_stable,11467,3705,1.0437,0.0477,0.0862,0.9931,True,MAE<=0.10C_and_RMSE<=0.20C,fixed_equation_evaluation_record
2023-04-01,2023,4,Q2,full_year_stable,12406,3660,1.0566,0.0524,0.0816,0.9922,True,MAE<=0.10C_and_RMSE<=0.20C,fixed_equation_evaluation_record
2023-04-02,2023,4,Q2,full_year_stable,11728,3675,1.0522,0.0436,0.0765,0.994,True,MAE<=0.10C_and_RMSE<=0.20C,fixed_equation_evaluation_record
2023-04-03,2023,4,Q2,full_year_stable,11115,3682,1.0502,0.0453,0.09,0.9949,True,MAE<=0.10C_and_RMSE<=0.20C,fixed_equation_evaluation_record
2023-04-04,2023,4,Q2,full_year_stable,10533,3740,1.034,0.0544,0.0886,0.994,True,MAE<=0.10C_and_RMSE<=0.20C,fixed_equation_evaluation_record
2023-04-05,2023,4,Q2,full_year_stable,11233,3684,1.0497,0.052,0.093,0.9938,True,MAE<=0.10C_and_RMSE<=0.20C,fixed_equation_evaluation_record
2023-04-06,2023,4,Q2,full_year_stable,11489,3684,1.0497,0.0524,0.1023,0.9944,True,MAE<=0.10C_and_RMSE<=0.20C,fixed_equation_evaluation_record
2023-04-07,2023,4,Q2,full_year_stable,10981,3740,1.034,0.0509,0.0923,0.994,True,MAE<=0.10C_and_RMSE<=0.20C,fixed_equation_evaluation_record
2023-04-08,2023,4,Q2,full_year_stable,11521,3715,1.0409,0.0442,0.0963,0.9952,True,MAE<=0.10C_and_RMSE<=0.20C,fixed_equation_evaluation_record
2023-04-09,2023,4,Q2,full_year_stable,11464,3664,1.0554,0.0555,0.0995,0.9934,True,MAE<=0.10C_and_RMSE<=0.20C,fixed_equation_evaluation_record
2023-04-10,2023,4,Q2,full_year_stable,11751,3740,1.034,0.0486,0.0864,0.9932,True,MAE<=0.10C_and_RMSE<=0.20C,fixed_equation_evaluation_record
2023-04-11,2023,4,Q2,full_year_stable,12167,3726,1.0378,0.0498,0.0868,0.9937,True,MAE<=0.10C_and_RMSE<=0.20C,fixed_equation_evaluation_record
2023-04-12,2023,4,Q2,full_year_stable,11619,3670,1.0537,0.052,0.1052,0.9935,True,MAE<=0.10C_and_RMSE<=0.20C,fixed_equation_evaluation_record
2023-04-13,2023,4,Q2,full_year_stable,11783,3716,1.0406,0.0469,0.0939,0.9952,True,MAE<=0.10C_and_RMSE<=0.20C,fixed_equation_evaluation_record
2023-04-14,2023,4,Q2,full_year_stable,11698,3717,1.0404,0.0543,0.0984,0.9907,True,MAE<=0.10C_and_RMSE<=0.20C,fixed_equation_evaluation_record
2023-04-15,2023,4,Q2,full_year_stable,11941,3706,1.0434,0.0507,0.0981,0.9924,True,MAE<=0.10C_and_RMSE<=0.20C,fixed_equation_evaluation_record
2023-04-16,2023,4,Q2,full_year_stable,12073,3716,1.0406,0.0536,0.1052,0.9927,True,MAE<=0.10C_and_RMSE<=0.20C,fixed_equation_evaluation_record
2023-04-17,2023,4,Q2,full_year_stable,11475,3740,1.034,0.0564,0.0951,0.9926,True,MAE<=0.10C_and_RMSE<=0.20C,fixed_equation_evaluation_record
2023-04-18,2023,4,Q2,full_year_stable,12785,3671,1.0534,0.054,0.0917,0.9932,True,MAE<=0.10C_and_RMSE<=0.20C,fixed_equation_evaluation_record
2023-04-19,2023,4,Q2,full_year_stable,11593,3707,1.0432,0.0557,0.0982,0.9927,True,MAE<=0.10C_and_RMSE<=0.20C,fixed_equation_evaluation_record
2023-04-20,2023,4,Q2,full_year_stable,11970,3740,1.034,0.0526,0.1022,0.993,True,MAE<=0.10C_and_RMSE<=0.20C,fixed_equation_evaluation_record
2023-04-21,2023,4,Q2,full_year_stable,11263,3696,1.0463,0.0465,0.0874,0.9954,True,MAE<=0.10C_and_RMSE<=0.20C,fixed_equation_evaluation_record
2023-04-22,2023,4,Q2,full_year_stable,12323,3658,1.0571,0.0434,0.0945,0.9922,True,MAE<=0.10C_and_RMSE<=0.20C,fixed_equation_evaluation_record
2023-04-23,2023,4,Q2,full_year_stable,12661,3727,1.0376,0.0467,0.0894,0.9935,True,MAE<=0.10C_and_RMSE<=0.20C,fixed_equation_evaluation_record
2023-04-24,2023,4,Q2,full_year_stable,11821,3698,1.0457,0.0497,0.0897,0.9926,True,MAE<=0.10C_and_RMSE<=0.20C,fixed_equation_evaluation_record
2023-04-25,2023,4,Q2,full_year_stable,11648,3664,1.0554,0.05,0.0904,0.9921,True,MAE<=0.10C_and_RMSE<=0.20C,fixed_equation_evaluation_record
2023-04-26,2023,4,Q2,full_year_stable,11165,3740,1.034,0.0503,0.089,0.9948,True,MAE<=0.10C_and_RMSE<=0.20C,fixed_equation_evaluation_record
2023-04-27,2023,4,Q2,full_year_stable,11749,3667,1.0545,0.0498,0.093,0.994,True,MAE<=0.10C_and_RMSE<=0.20C,fixed_equation_evaluation_record
2023-04-28,2023,4,Q2,full_year_stable,11125,3692,1.0474,0.0444,0.0796,0.9932,True,MAE<=0.10C_and_RMSE<=0.20C,fixed_equation_evaluation_record
2023-04-29,2023,4,Q2,full_year_stable,12583,3682,1.0502,0.0432,0.0855,0.9952,True,MAE<=0.10C_and_RMSE<=0.20C,fixed_equation_evaluation_record
2023-04-30,2023,4,Q2,full_year_stable,11680,3677,1.0517,0.0408,0.0785,0.9937,True,MAE<=0.10C_and_RMSE<=0.20C,fixed_equation_evaluation_record
2023-05-01,2023,5,Q2,full_year_stable,12326,3684,1.0497,0.0524,0.1009,0.9921,True,MAE<=0.10C_and_RMSE<=0.20C,fixed_equation_evaluation_record
2023-05-02,2023,5,Q2,full_year_stable,12018,3669,1.054,0.0499,0.0953,0.9945,True,MAE<=0.10C_and_RMSE<=0.20C,fixed_equation_evaluation_record
2023-05-03,2023,5,Q2,full_year_stable,11620,3724,1.0384,0.0494,0.0959,0.9928,True,MAE<=0.10C_and_RMSE<=0.20C,fixed_equation_evaluation_record
2023-05-04,2023,5,Q2,full_year_stable,12032,3678,1.0514,0.0557,0.0902,0.9935,True,MAE<=0.10C_and_RMSE<=0.20C,fixed_equation_evaluation_record
2023-05-05,2023,5,Q2,full_year_stable,12348,3646,1.0606,0.0531,0.0889,0.9929,True,MAE<=0.10C_and_RMSE<=0.20C,fixed_equation_evaluation_record
2023-05-06,2023,5,Q2,full_year_stable,12021,3618,1.0688,0.0487,0.0951,0.9926,True,MAE<=0.10C_and_RMSE<=0.20C,fixed_equation_evaluation_record
2023-05-07,2023,5,Q2,full_year_stable,11677,3683,1.05,0.0518,0.096,0.9921,True,MAE<=0.10C_and_RMSE<=0.20C,fixed_equation_evaluation_record
2023-05-08,2023,5,Q2,full_year_stable,11495,3641,1.0621,0.0544,0.0982,0.9928,True,MAE<=0.10C_and_RMSE<=0.20C,fixed_equation_evaluation_record
2023-05-09,2023,5,Q2,full_year_stable,12174,3740,1.034,0.0503,0.0912,0.9923,True,MAE<=0.10C_and_RMSE<=0.20C,fixed_equation_evaluation_record
2023-05-10,2023,5,Q2,full_year_stable,11479,3666,1.0548,0.0572,0.1075,0.9932,True,MAE<=0.10C_and_RMSE<=0.20C,fixed_equation_evaluation_record
2023-05-11,2023,5,Q2,full_year_stable,12073,3679,1.0511,0.053,0.1035,0.9936,True,MAE<=0.10C_and_RMSE<=0.20C,fixed_equation_evaluation_record
2023-05-12,2023,5,Q2,full_year_stable,12067,3718,1.0401,0.0555,0.0912,0.9938,True,MAE<=0.10C_and_RMSE<=0.20C,fixed_equation_evaluation_record
2023-05-13,2023,5,Q2,full_year_stable,11616,3703,1.0443,0.0605,0.105,0.9923,True,MAE<=0.10C_and_RMSE<=0.20C,fixed_equation_evaluation_record
2023-05-14,2023,5,Q2,full_year_stable,11686,3729,1.037,0.064,0.1068,0.9909,True,MAE<=0.10C_and_RMSE<=0.20C,fixed_equation_evaluation_record
2023-05-15,2023,5,Q2,full_year_stable,12221,3690,1.048,0.0707,0.1137,0.9911,True,MAE<=0.10C_and_RMSE<=0.20C,fixed_equation_evaluation_record
2023-05-16,2023,5,Q2,full_year_stable,11955,3685,1.0494,0.0552,0.1007,0.9921,True,MAE<=0.10C_and_RMSE<=0.20C,fixed_equation_evaluation_record
2023-05-17,2023,5,Q2,full_year_stable,11351,3736,1.0351,0.0575,0.099,0.9935,True,MAE<=0.10C_and_RMSE<=0.20C,fixed_equation_evaluation_record
2023-05-18,2023,5,Q2,full_year_stable,11497,3655,1.058,0.0548,0.0929,0.9931,True,MAE<=0.10C_and_RMSE<=0.20C,fixed_equation_evaluation_record
2023-05-19,2023,5,Q2,full_year_stable,12603,3735,1.0353,0.0521,0.1048,0.9925,True,MAE<=0.10C_and_RMSE<=0.20C,fixed_equation_evaluation_record
2023-05-20,2023,5,Q2,full_year_stable,11132,3678,1.0514,0.0465,0.1036,0.9931,True,MAE<=0.10C_and_RMSE<=0.20C,fixed_equation_evaluation_record
2023-05-21,2023,5,Q2,full_year_stable,11479,3694,1.0468,0.0466,0.0805,0.994,True,MAE<=0.10C_and_RMSE<=0.20C,fixed_equation_evaluation_record
2023-05-22,2023,5,Q2,full_year_stable,10971,3680,1.0508,0.0455,0.0852,0.9941,True,MAE<=0.10C_and_RMSE<=0.20C,fixed_equation_evaluation_record
2023-05-23,2023,5,Q2,full_year_stable,11340,3712,1.0418,0.0518,0.091,0.993,True,MAE<=0.10C_and_RMSE<=0.20C,fixed_equation_evaluation_record
2023-05-24,2023,5,Q2,full_year_stable,11568,3690,1.048,0.0549,0.1056,0.993,True,MAE<=0.10C_and_RMSE<=0.20C,fixed_equation_evaluation_record
2023-05-25,2023,5,Q2,full_year_stable,11891,3723,1.0387,0.0542,0.0965,0.9922,True,MAE<=0.10C_and_RMSE<=0.20C,fixed_equation_evaluation_record
2023-05-26,2023,5,Q2,full_year_stable,11517,3704,1.044,0.0503,0.0935,0.9931,True,MAE<=0.10C_and_RMSE<=0.20C,fixed_equation_evaluation_record
2023-05-27,2023,5,Q2,full_year_stable,11005,3706,1.0434,0.0505,0.0849,0.9914,True,MAE<=0.10C_and_RMSE<=0.20C,fixed_equation_evaluation_record
2023-05-28,2023,5,Q2,full_year_stable,12175,3703,1.0443,0.0445,0.0937,0.9943,True,MAE<=0.10C_and_RMSE<=0.20C,fixed_equation_evaluation_record
2023-05-29,2023,5,Q2,full_year_stable,11980,3693,1.0471,0.0443,0.0904,0.9952,True,MAE<=0.10C_and_RMSE<=0.20C,fixed_equation_evaluation_record
2023-05-30,2023,5,Q2,full_year_stable,12457,3681,1.0505,0.0483,0.0814,0.9935,True,MAE<=0.10C_and_RMSE<=0.20C,fixed_equation_evaluation_record
2023-05-31,2023,5,Q2,full_year_stable,11636,3690,1.048,0.0482,0.0851,0.9931,True,MAE<=0.10C_and_RMSE<=0.20C,fixed_equation_evaluation_record
2023-06-01,2023,6,Q2,full_year_stable,10858,3653,1.0586,0.0559,0.0959,0.9915,True,MAE<=0.10C_and_RMSE<=0.20C,fixed_equation_evaluation_record
2023-06-02,2023,6,Q2,full_year_stable,11143,3700,1.0451,0.0606,0.108,0.9921,True,MAE<=0.10C_and_RMSE<=0.20C,fixed_equation_evaluation_record
2023-06-03,2023,6,Q2,full_year_stable,11672,3669,1.054,0.0569,0.1018,0.9937,True,MAE<=0.10C_and_RMSE<=0.20C,fixed_equation_evaluation_record
2023-06-04,2023,6,Q2,full_year_stable,10650,3686,1.0491,0.0524,0.089,0.9944,True,MAE<=0.10C_and_RMSE<=0.20C,fixed_equation_evaluation_record
2023-06-05,2023,6,Q2,full_year_stable,11867,3660,1.0566,0.0465,0.0857,0.9965,True,MAE<=0.10C_and_RMSE<=0.20C,fixed_equation_evaluation_record
2023-06-06,2023,6,Q2,full_year_stable,12233,3691,1.0477,0.0451,0.0957,0.9946,True,MAE<=0.10C_and_RMSE<=0.20C,fixed_equation_evaluation_record
2023-06-07,2023,6,Q2,full_year_stable,12424,3702,1.0446,0.0505,0.0992,0.992,True,MAE<=0.10C_and_RMSE<=0.20C,fixed_equation_evaluation_record
2023-06-08,2023,6,Q2,full_year_stable,11601,3667,1.0545,0.0512,0.1003,0.9922,True,MAE<=0.10C_and_RMSE<=0.20C,fixed_equation_evaluation_record
2023-06-09,2023,6,Q2,full_year_stable,11893,3705,1.0437,0.0526,0.103,0.9942,True,MAE<=0.10C_and_RMSE<=0.20C,fixed_equation_evaluation_record
2023-06-10,2023,6,Q2,full_year_stable,11870,3692,1.0474,0.0564,0.0856,0.9925,True,MAE<=0.10C_and_RMSE<=0.20C,fixed_equation_evaluation_record
2023-06-11,2023,6,Q2,full_year_stable,11372,3682,1.0502,0.0578,0.1026,0.9943,True,MAE<=0.10C_and_RMSE<=0.20C,fixed_equation_evaluation_record
2023-06-12,2023,6,Q2,full_year_stable,11740,3666,1.0548,0.0665,0.11,0.9922,True,MAE<=0.10C_and_RMSE<=0.20C,fixed_equation_evaluation_record
2023-06-13,2023,6,Q2,full_year_stable,12499,3673,1.0528,0.0656,0.1035,0.9911,True,MAE<=0.10C_and_RMSE<=0.20C,fixed_equation_evaluation_record
2023-06-14,2023,6,Q2,full_year_stable,11575,3724,1.0384,0.067,0.1136,0.9915,True,MAE<=0.10C_and_RMSE<=0.20C,fixed_equation_evaluation_record
2023-06-15,2023,6,Q2,full_year_stable,12138,3613,1.0703,0.0659,0.0937,0.9917,True,MAE<=0.10C_and_RMSE<=0.20C,fixed_equation_evaluation_record
2023-06-16,2023,6,Q2,full_year_stable,12464,3625,1.0668,0.0595,0.1033,0.992,True,MAE<=0.10C_and_RMSE<=0.20C,fixed_equation_evaluation_record
2023-06-17,2023,6,Q2,full_year_stable,11170,3645,1.0609,0.0606,0.1014,0.9936,True,MAE<=0.10C_and_RMSE<=0.20C,fixed_equation_evaluation_record
2023-06-18,2023,6,Q2,full_year_stable,11798,3684,1.0497,0.0596,0.1063,0.9941,True,MAE<=0.10C_and_RMSE<=0.20C,fixed_equation_evaluation_record
2023-06-19,2023,6,Q2,full_year_stable,12112,3678,1.0514,0.0594,0.1096,0.9928,True,MAE<=0.10C_and_RMSE<=0.20C,fixed_equation_evaluation_record
2023-06-20,2023,6,Q2,full_year_stable,11234,3708,1.0429,0.0584,0.1071,0.9927,True,MAE<=0.10C_and_RMSE<=0.20C,fixed_equation_evaluation_record
2023-06-21,2023,6,Q2,full_year_stable,11509,3657,1.0574,0.0578,0.104,0.9935,True,MAE<=0.10C_and_RMSE<=0.20C,fixed_equation_evaluation_record
2023-06-22,2023,6,Q2,full_year_stable,11490,3682,1.0502,0.048,0.103,0.9943,True,MAE<=0.10C_and_RMSE<=0.20C,fixed_equation_evaluation_record
2023-06-23,2023,6,Q2,full_year_stable,11979,3708,1.0429,0.0487,0.0977,0.9941,True,MAE<=0.10C_and_RMSE<=0.20C,fixed_equation_evaluation_record
2023-06-24,2023,6,Q2,full_year_stable,12232,3661,1.0563,0.0539,0.0838,0.9926,True,MAE<=0.10C_and_RMSE<=0.20C,fixed_equation_evaluation_record
2023-06-25,2023,6,Q2,full_year_stable,11548,3633,1.0644,0.0483,0.0834,0.9922,True,MAE<=0.10C_and_RMSE<=0.20C,fixed_equation_evaluation_record
2023-06-26,2023,6,Q2,full_year_stable,11657,3724,1.0384,0.05,0.0886,0.9935,True,MAE<=0.10C_and_RMSE<=0.20C,fixed_equation_evaluation_record
2023-06-27,2023,6,Q2,full_year_stable,11786,3739,1.0342,0.0475,0.09,0.9929,True,MAE<=0.10C_and_RMSE<=0.20C,fixed_equation_evaluation_record
2023-06-28,2023,6,Q2,full_year_stable,11323,3659,1.0568,0.0582,0.0878,0.993,True,MAE<=0.10C_and_RMSE<=0.20C,fixed_equation_evaluation_record
2023-06-29,2023,6,Q2,full_year_stable,11970,3618,1.0688,0.0532,0.0928,0.994,True,MAE<=0.10C_and_RMSE<=0.20C,fixed_equation_evaluation_record
2023-06-30,2023,6,Q2,full_year_stable,11190,3651,1.0592,0.0559,0.0942,0.9935,True,MAE<=0.10C_and_RMSE<=0.20C,fixed_equation_evaluation_record
2023-07-01,2023,7,Q3,full_year_stable,11262,3670,1.0537,0.0625,0.0975,0.9931,True,MAE<=0.10C_and_RMSE<=0.20C,fixed_equation_evaluation_record
2023-07-02,2023,7,Q3,full_year_stable,11256,3654,1.0583,0.0629,0.0985,0.9916,True,MAE<=0.10C_and_RMSE<=0.20C,fixed_equation_evaluation_record
2023-07-03,2023,7,Q3,full_year_stable,11016,3582,1.0796,0.0663,0.1081,0.991,True,MAE<=0.10C_and_RMSE<=0.20C,fixed_equation_evaluation_record
2023-07-04,2023,7,Q3,full_year_stable,12125,3593,1.0763,0.0641,0.1055,0.9939,True,MAE<=0.10C_and_RMSE<=0.20C,fixed_equation_evaluation_record
2023-07-05,2023,7,Q3,full_year_stable,11646,3572,1.0826,0.0603,0.1038,0.9935,True,MAE<=0.10C_and_RMSE<=0.20C,fixed_equation_evaluation_record
2023-07-06,2023,7,Q3,full_year_stable,11972,3691,1.0477,0.056,0.1018,0.9934,True,MAE<=0.10C_and_RMSE<=0.20C,fixed_equation_evaluation_record
2023-07-07,2023,7,Q3,full_year_stable,11838,3698,1.0457,0.0584,0.1101,0.9915,True,MAE<=0.10C_and_RMSE<=0.20C,fixed_equation_evaluation_record
2023-07-08,2023,7,Q3,full_year_stable,10955,3615,1.0697,0.0541,0.0898,0.9915,True,MAE<=0.10C_and_RMSE<=0.20C,fixed_equation_evaluation_record
2023-07-09,2023,7,Q3,full_year_stable,11378,3681,1.0505,0.0486,0.1007,0.994,True,MAE<=0.10C_and_RMSE<=0.20C,fixed_equation_evaluation_record
2023-07-10,2023,7,Q3,full_year_stable,11466,3670,1.0537,0.0591,0.0981,0.9922,True,MAE<=0.10C_and_RMSE<=0.20C,fixed_equation_evaluation_record
2023-07-11,2023,7,Q3,full_year_stable,11198,3654,1.0583,0.0538,0.0987,0.9905,True,MAE<=0.10C_and_RMSE<=0.20C,fixed_equation_evaluation_record
2023-07-12,2023,7,Q3,full_year_stable,12051,3681,1.0505,0.0589,0.1045,0.9928,True,MAE<=0.10C_and_RMSE<=0.20C,fixed_equation_evaluation_record
2023-07-13,2023,7,Q3,full_year_stable,11335,3697,1.046,0.0479,0.0985,0.9939,True,MAE<=0.10C_and_RMSE<=0.20C,fixed_equation_evaluation_record
2023-07-14,2023,7,Q3,full_year_stable,11800,3681,1.0505,0.0522,0.0885,0.9914,True,MAE<=0.10C_and_RMSE<=0.20C,fixed_equation_evaluation_record
2023-07-15,2023,7,Q3,full_year_stable,11150,3674,1.0525,0.0642,0.0973,0.9903,True,MAE<=0.10C_and_RMSE<=0.20C,fixed_equation_evaluation_record
2023-07-16,2023,7,Q3,full_year_stable,11340,3627,1.0662,0.0547,0.1026,0.9928,True,MAE<=0.10C_and_RMSE<=0.20C,fixed_equation_evaluation_record
2023-07-17,2023,7,Q3,full_year_stable,11989,3697,1.046,0.0516,0.1012,0.9936,True,MAE<=0.10C_and_RMSE<=0.20C,fixed_equation_evaluation_record
2023-07-18,2023,7,Q3,full_year_stable,11377,3703,1.0443,0.0538,0.0957,0.9945,True,MAE<=0.10C_and_RMSE<=0.20C,fixed_equation_evaluation_record
2023-07-19,2023,7,Q3,full_year_stable,10103,3626,1.0665,0.0549,0.106,0.9924,True,MAE<=0.10C_and_RMSE<=0.20C,fixed_equation_evaluation_record
2023-07-20,2023,7,Q3,full_year_stable,11392,3632,1.0647,0.0623,0.0987,0.9915,True,MAE<=0.10C_and_RMSE<=0.20C,fixed_equation_evaluation_record
2023-07-21,2023,7,Q3,full_year_stable,11727,3596,1.0754,0.0612,0.1012,0.9938,True,MAE<=0.10C_and_RMSE<=0.20C,fixed_equation_evaluation_record
2023-07-22,2023,7,Q3,full_year_stable,10801,3643,1.0615,0.068,0.1005,0.9895,True,MAE<=0.10C_and_RMSE<=0.20C,fixed_equation_evaluation_record
2023-07-23,2023,7,Q3,full_year_stable,11938,3595,1.0757,0.061,0.1065,0.9919,True,MAE<=0.10C_and_RMSE<=0.20C,fixed_equation_evaluation_record
2023-07-24,2023,7,Q3,full_year_stable,11745,3635,1.0638,0.0568,0.106,0.9929,True,MAE<=0.10C_and_RMSE<=0.20C,fixed_equation_evaluation_record
2023-07-25,2023,7,Q3,full_year_stable,12099,3605,1.0727,0.0507,0.0936,0.9922,True,MAE<=0.10C_and_RMSE<=0.20C,fixed_equation_evaluation_record
2023-07-26,2023,7,Q3,full_year_stable,10765,3589,1.0775,0.0493,0.0968,0.9935,True,MAE<=0.10C_and_RMSE<=0.20C,fixed_equation_evaluation_record
2023-07-27,2023,7,Q3,full_year_stable,11380,3623,1.0673,0.0466,0.0991,0.9943,True,MAE<=0.10C_and_RMSE<=0.20C,fixed_equation_evaluation_record
2023-07-28,2023,7,Q3,full_year_stable,10934,3620,1.0682,0.0467,0.1049,0.9937,True,MAE<=0.10C_and_RMSE<=0.20C,fixed_equation_evaluation_record
2023-07-29,2023,7,Q3,full_year_stable,11166,3642,1.0618,0.0562,0.1019,0.9933,True,MAE<=0.10C_and_RMSE<=0.20C,fixed_equation_evaluation_record
2023-07-30,2023,7,Q3,full_year_stable,11443,3552,1.0887,0.0539,0.097,0.9932,True,MAE<=0.10C_and_RMSE<=0.20C,fixed_equation_evaluation_record
2023-07-31,2023,7,Q3,full_year_stable,10899,3667,1.0545,0.0593,0.1042,0.9923,True,MAE<=0.10C_and_RMSE<=0.20C,fixed_equation_evaluation_record
2023-08-01,2023,8,Q3,full_year_stable,11734,3670,1.0537,0.0594,0.1024,0.9924,True,MAE<=0.10C_and_RMSE<=0.20C,fixed_equation_evaluation_record
2023-08-02,2023,8,Q3,full_year_stable,11146,3593,1.0763,0.0617,0.1101,0.9929,True,MAE<=0.10C_and_RMSE<=0.20C,fixed_equation_evaluation_record
2023-08-03,2023,8,Q3,full_year_stable,11200,3625,1.0668,0.0588,0.1045,0.9939,True,MAE<=0.10C_and_RMSE<=0.20C,fixed_equation_evaluation_record
2023-08-04,2023,8,Q3,full_year_stable,10854,3619,1.0685,0.0558,0.1018,0.9929,True,MAE<=0.10C_and_RMSE<=0.20C,fixed_equation_evaluation_record
2023-08-05,2023,8,Q3,full_year_stable,11023,3667,1.0545,0.0578,0.0957,0.9928,True,MAE<=0.10C_and_RMSE<=0.20C,fixed_equation_evaluation_record
2023-08-06,2023,8,Q3,full_year_stable,11747,3605,1.0727,0.0529,0.0979,0.9932,True,MAE<=0.10C_and_RMSE<=0.20C,fixed_equation_evaluation_record
2023-08-07,2023,8,Q3,full_year_stable,11076,3535,1.0939,0.0547,0.1047,0.9934,True,MAE<=0.10C_and_RMSE<=0.20C,fixed_equation_evaluation_record
2023-08-08,2023,8,Q3,full_year_stable,10957,3635,1.0638,0.058,0.1056,0.9917,True,MAE<=0.10C_and_RMSE<=0.20C,fixed_equation_evaluation_record
2023-08-09,2023,8,Q3,full_year_stable,11498,3684,1.0497,0.0623,0.1118,0.9925,True,MAE<=0.10C_and_RMSE<=0.20C,fixed_equation_evaluation_record
2023-08-10,2023,8,Q3,full_year_stable,10961,3638,1.0629,0.0527,0.1058,0.9947,True,MAE<=0.10C_and_RMSE<=0.20C,fixed_equation_evaluation_record
2023-08-11,2023,8,Q3,full_year_stable,11592,3572,1.0826,0.0426,0.0831,0.9935,True,MAE<=0.10C_and_RMSE<=0.20C,fixed_equation_evaluation_record
2023-08-12,2023,8,Q3,full_year_stable,10811,3610,1.0712,0.0413,0.0996,0.9934,True,MAE<=0.10C_and_RMSE<=0.20C,fixed_equation_evaluation_record
2023-08-13,2023,8,Q3,full_year_stable,11430,3554,1.0881,0.0466,0.0918,0.9943,True,MAE<=0.10C_and_RMSE<=0.20C,fixed_equation_evaluation_record
2023-08-14,2023,8,Q3,full_year_stable,10631,3604,1.073,0.0491,0.0999,0.9921,True,MAE<=0.10C_and_RMSE<=0.20C,fixed_equation_evaluation_record
2023-08-15,2023,8,Q3,full_year_stable,11392,3615,1.0697,0.0554,0.1019,0.9936,True,MAE<=0.10C_and_RMSE<=0.20C,fixed_equation_evaluation_record
2023-08-16,2023,8,Q3,full_year_stable,10824,3582,1.0796,0.0536,0.1006,0.9936,True,MAE<=0.10C_and_RMSE<=0.20C,fixed_equation_evaluation_record
2023-08-17,2023,8,Q3,full_year_stable,11864,3632,1.0647,0.0562,0.1088,0.9925,True,MAE<=0.10C_and_RMSE<=0.20C,fixed_equation_evaluation_record
2023-08-18,2023,8,Q3,full_year_stable,11236,3587,1.0781,0.0517,0.0844,0.9932,True,MAE<=0.10C_and_RMSE<=0.20C,fixed_equation_evaluation_record
2023-08-19,2023,8,Q3,full_year_stable,10971,3558,1.0868,0.0553,0.1057,0.9936,True,MAE<=0.10C_and_RMSE<=0.20C,fixed_equation_evaluation_record
2023-08-20,2023,8,Q3,full_year_stable,11597,3524,1.0973,0.0597,0.0919,0.9908,True,MAE<=0.10C_and_RMSE<=0.20C,fixed_equation_evaluation_record
2023-08-21,2023,8,Q3,full_year_stable,10777,3551,1.089,0.0552,0.1008,0.9929,True,MAE<=0.10C_and_RMSE<=0.20C,fixed_equation_evaluation_record
2023-08-22,2023,8,Q3,full_year_stable,10882,3570,1.0832,0.0572,0.0944,0.9914,True,MAE<=0.10C_and_RMSE<=0.20C,fixed_equation_evaluation_record
2023-08-23,2023,8,Q3,full_year_stable,10921,3638,1.0629,0.0582,0.1095,0.9908,True,MAE<=0.10C_and_RMSE<=0.20C,fixed_equation_evaluation_record
2023-08-24,2023,8,Q3,full_year_stable,11505,3645,1.0609,0.0524,0.1006,0.994,True,MAE<=0.10C_and_RMSE<=0.20C,fixed_equation_evaluation_record
2023-08-25,2023,8,Q3,full_year_stable,10209,3565,1.0847,0.049,0.087,0.9933,True,MAE<=0.10C_and_RMSE<=0.20C,fixed_equation_evaluation_record
2023-08-26,2023,8,Q3,full_year_stable,10654,3661,1.0563,0.0513,0.1043,0.993,True,MAE<=0.10C_and_RMSE<=0.20C,fixed_equation_evaluation_record
2023-08-27,2023,8,Q3,full_year_stable,11383,3603,1.0733,0.0577,0.0855,0.9927,True,MAE<=0.10C_and_RMSE<=0.20C,fixed_equation_evaluation_record
2023-08-28,2023,8,Q3,full_year_stable,11397,3580,1.0802,0.0581,0.1048,0.9913,True,MAE<=0.10C_and_RMSE<=0.20C,fixed_equation_evaluation_record
2023-08-29,2023,8,Q3,full_year_stable,10622,3592,1.0766,0.0586,0.1102,0.9924,True,MAE<=0.10C_and_RMSE<=0.20C,fixed_equation_evaluation_record
2023-08-30,2023,8,Q3,full_year_stable,10655,3639,1.0627,0.0684,0.1149,0.9928,True,MAE<=0.10C_and_RMSE<=0.20C,fixed_equation_evaluation_record
2023-08-31,2023,8,Q3,full_year_stable,10414,3557,1.0872,0.0584,0.1058,0.994,True,MAE<=0.10C_and_RMSE<=0.20C,fixed_equation_evaluation_record
2023-09-01,2023,9,Q3,full_year_stable,11008,3568,1.0838,0.0543,0.0952,0.9923,True,MAE<=0.10C_and_RMSE<=0.20C,fixed_equation_evaluation_record
2023-09-02,2023,9,Q3,full_year_stable,10379,3601,1.0739,0.0539,0.0861,0.9924,True,MAE<=0.10C_and_RMSE<=0.20C,fixed_equation_evaluation_record
2023-09-03,2023,9,Q3,full_year_stable,10880,3570,1.0832,0.0491,0.0786,0.9932,True,MAE<=0.10C_and_RMSE<=0.20C,fixed_equation_evaluation_record
2023-09-04,2023,9,Q3,full_year_stable,10497,3596,1.0754,0.0488,0.0825,0.9925,True,MAE<=0.10C_and_RMSE<=0.20C,fixed_equation_evaluation_record
2023-09-05,2023,9,Q3,full_year_stable,11198,3553,1.0884,0.0494,0.0841,0.9933,True,MAE<=0.10C_and_RMSE<=0.20C,fixed_equation_evaluation_record
2023-09-06,2023,9,Q3,full_year_stable,10596,3530,1.0955,0.0509,0.0977,0.9932,True,MAE<=0.10C_and_RMSE<=0.20C,fixed_equation_evaluation_record
2023-09-07,2023,9,Q3,full_year_stable,10410,3569,1.0835,0.0539,0.0968,0.9935,True,MAE<=0.10C_and_RMSE<=0.20C,fixed_equation_evaluation_record
2023-09-08,2023,9,Q3,full_year_stable,10802,3654,1.0583,0.0542,0.1011,0.9944,True,MAE<=0.10C_and_RMSE<=0.20C,fixed_equation_evaluation_record
2023-09-09,2023,9,Q3,full_year_stable,10990,3574,1.082,0.0388,0.0863,0.9953,True,MAE<=0.10C_and_RMSE<=0.20C,fixed_equation_evaluation_record
2023-09-10,2023,9,Q3,full_year_stable,11057,3587,1.0781,0.0395,0.0863,0.9936,True,MAE<=0.10C_and_RMSE<=0.20C,fixed_equation_evaluation_record
2023-09-11,2023,9,Q3,full_year_stable,10927,3567,1.0841,0.0488,0.1002,0.9919,True,MAE<=0.10C_and_RMSE<=0.20C,fixed_equation_evaluation_record
2023-09-12,2023,9,Q3,full_year_stable,10694,3518,1.0992,0.0444,0.0876,0.9957,True,MAE<=0.10C_and_RMSE<=0.20C,fixed_equation_evaluation_record
2023-09-13,2023,9,Q3,full_year_stable,11320,3595,1.0757,0.0436,0.0864,0.9958,True,MAE<=0.10C_and_RMSE<=0.20C,fixed_equation_evaluation_record
2023-09-14,2023,9,Q3,full_year_stable,11471,3625,1.0668,0.0504,0.0828,0.9923,True,MAE<=0.10C_and_RMSE<=0.20C,fixed_equation_evaluation_record
2023-09-15,2023,9,Q3,full_year_stable,10697,3648,1.06,0.0509,0.0922,0.9943,True,MAE<=0.10C_and_RMSE<=0.20C,fixed_equation_evaluation_record
2023-09-16,2023,9,Q3,full_year_stable,10603,3544,1.0911,0.0542,0.1025,0.9923,True,MAE<=0.10C_and_RMSE<=0.20C,fixed_equation_evaluation_record
2023-09-17,2023,9,Q3,full_year_stable,10856,3563,1.0853,0.0572,0.1078,0.9928,True,MAE<=0.10C_and_RMSE<=0.20C,fixed_equation_evaluation_record
2023-09-18,2023,9,Q3,full_year_stable,11065,3554,1.0881,0.0595,0.1105,0.9934,True,MAE<=0.10C_and_RMSE<=0.20C,fixed_equation_evaluation_record
2023-09-19,2023,9,Q3,full_year_stable,12066,3539,1.0927,0.0567,0.1004,0.9919,True,MAE<=0.10C_and_RMSE<=0.20C,fixed_equation_evaluation_record
2023-09-20,2023,9,Q3,full_year_stable,10693,3565,1.0847,0.0557,0.1083,0.9946,True,MAE<=0.10C_and_RMSE<=0.20C,fixed_equation_evaluation_record
2023-09-21,2023,9,Q3,full_year_stable,10250,3524,1.0973,0.0565,0.0979,0.9929,True,MAE<=0.10C_and_RMSE<=0.20C,fixed_equation_evaluation_record
2023-09-22,2023,9,Q3,full_year_stable,11336,3574,1.082,0.0569,0.0873,0.9921,True,MAE<=0.10C_and_RMSE<=0.20C,fixed_equation_evaluation_record
2023-09-23,2023,9,Q3,full_year_stable,11667,3550,1.0893,0.055,0.1065,0.993,True,MAE<=0.10C_and_RMSE<=0.20C,fixed_equation_evaluation_record
2023-09-24,2023,9,Q3,full_year_stable,10775,3605,1.0727,0.0629,0.0925,0.9911,True,MAE<=0.10C_and_RMSE<=0.20C,fixed_equation_evaluation_record
2023-09-25,2023,9,Q3,full_year_stable,10529,3590,1.0772,0.0534,0.098,0.9934,True,MAE<=0.10C_and_RMSE<=0.20C,fixed_equation_evaluation_record
2023-09-26,2023,9,Q3,full_year_stable,11315,3537,1.0933,0.0536,0.0937,0.9922,True,MAE<=0.10C_and_RMSE<=0.20C,fixed_equation_evaluation_record
2023-09-27,2023,9,Q3,full_year_stable,10351,3527,1.0964,0.0582,0.0973,0.993,True,MAE<=0.10C_and_RMSE<=0.20C,fixed_equation_evaluation_record
2023-09-28,2023,9,Q3,full_year_stable,10498,3547,1.0902,0.0528,0.1,0.9932,True,MAE<=0.10C_and_RMSE<=0.20C,fixed_equation_evaluation_record
2023-09-29,2023,9,Q3,full_year_stable,10661,3612,1.0706,0.0477,0.0892,0.9931,True,MAE<=0.10C_and_RMSE<=0.20C,fixed_equation_evaluation_record
2023-09-30,2023,9,Q3,full_year_stable,11219,3575,1.0817,0.0542,0.101,0.9923,True,MAE<=0.10C_and_RMSE<=0.20C,fixed_equation_evaluation_record
2023-10-01,2023,10,Q4,full_year_stable,10869,3531,1.0952,0.0552,0.0939,0.9952,True,MAE<=0.10C_and_RMSE<=0.20C,fixed_equation_evaluation_record
2023-10-02,2023,10,Q4,full_year_stable,10501,3548,1.0899,0.0524,0.0865,0.9926,True,MAE<=0.10C_and_RMSE<=0.20C,fixed_equation_evaluation_record
2023-10-03,2023,10,Q4,full_year_stable,10745,3561,1.0859,0.0503,0.0896,0.9929,True,MAE<=0.10C_and_RMSE<=0.20C,fixed_equation_evaluation_record
2023-10-04,2023,10,Q4,full_year_stable,11152,3614,1.07,0.0559,0.0982,0.9916,True,MAE<=0.10C_and_RMSE<=0.20C,fixed_equation_evaluation_record
2023-10-05,2023,10,Q4,full_year_stable,10394,3576,1.0814,0.0506,0.081,0.9937,True,MAE<=0.10C_and_RMSE<=0.20C,fixed_equation_evaluation_record
2023-10-06,2023,10,Q4,full_year_stable,10498,3574,1.082,0.0532,0.1049,0.9917,True,MAE<=0.10C_and_RMSE<=0.20C,fixed_equation_evaluation_record
2023-10-07,2023,10,Q4,full_year_stable,10384,3581,1.0799,0.0484,0.0926,0.9932,True,MAE<=0.10C_and_RMSE<=0.20C,fixed_equation_evaluation_record
2023-10-08,2023,10,Q4,full_year_stable,10539,3513,1.1008,0.0511,0.086,0.9927,True,MAE<=0.10C_and_RMSE<=0.20C,fixed_equation_evaluation_record
2023-10-09,2023,10,Q4,full_year_stable,10500,3553,1.0884,0.051,0.0966,0.9953,True,MAE<=0.10C_and_RMSE<=0.20C,fixed_equation_evaluation_record
2023-10-10,2023,10,Q4,full_year_stable,10582,3575,1.0817,0.0455,0.0792,0.9939,True,MAE<=0.10C_and_RMSE<=0.20C,fixed_equation_evaluation_record
2023-10-11,2023,10,Q4,full_year_stable,10929,3563,1.0853,0.0388,0.0821,0.9936,True,MAE<=0.10C_and_RMSE<=0.20C,fixed_equation_evaluation_record
2023-10-12,2023,10,Q4,full_year_stable,10931,3649,1.0597,0.0369,0.08,0.9963,True,MAE<=0.10C_and_RMSE<=0.20C,fixed_equation_evaluation_record
2023-10-13,2023,10,Q4,full_year_stable,10088,3542,1.0918,0.0446,0.096,0.9953,True,MAE<=0.10C_and_RMSE<=0.20C,fixed_equation_evaluation_record
2023-10-14,2023,10,Q4,full_year_stable,10234,3568,1.0838,0.0363,0.0886,0.9949,True,MAE<=0.10C_and_RMSE<=0.20C,fixed_equation_evaluation_record
2023-10-15,2023,10,Q4,full_year_stable,10127,3533,1.0945,0.0467,0.0874,0.9937,True,MAE<=0.10C_and_RMSE<=0.20C,fixed_equation_evaluation_record
2023-10-16,2023,10,Q4,full_year_stable,11203,3625,1.0668,0.0438,0.0904,0.9936,True,MAE<=0.10C_and_RMSE<=0.20C,fixed_equation_evaluation_record
2023-10-17,2023,10,Q4,full_year_stable,10287,3551,1.089,0.0438,0.0805,0.9933,True,MAE<=0.10C_and_RMSE<=0.20C,fixed_equation_evaluation_record
2023-10-18,2023,10,Q4,full_year_stable,10505,3469,1.1147,0.0471,0.0909,0.9948,True,MAE<=0.10C_and_RMSE<=0.20C,fixed_equation_evaluation_record
2023-10-19,2023,10,Q4,full_year_stable,10880,3623,1.0673,0.0444,0.0827,0.9945,True,MAE<=0.10C_and_RMSE<=0.20C,fixed_equation_evaluation_record
2023-10-20,2023,10,Q4,full_year_stable,10055,3583,1.0793,0.0488,0.0899,0.9935,True,MAE<=0.10C_and_RMSE<=0.20C,fixed_equation_evaluation_record
2023-10-21,2023,10,Q4,full_year_stable,10850,3585,1.0787,0.0465,0.0847,0.9959,True,MAE<=0.10C_and_RMSE<=0.20C,fixed_equation_evaluation_record
2023-10-22,2023,10,Q4,full_year_stable,11268,3576,1.0814,0.0469,0.086,0.9947,True,MAE<=0.10C_and_RMSE<=0.20C,fixed_equation_evaluation_record
2023-10-23,2023,10,Q4,full_year_stable,10398,3516,1.0998,0.0518,0.1011,0.9922,True,MAE<=0.10C_and_RMSE<=0.20C,fixed_equation_evaluation_record
2023-10-24,2023,10,Q4,full_year_stable,10911,3594,1.076,0.0516,0.103,0.9931,True,MAE<=0.10C_and_RMSE<=0.20C,fixed_equation_evaluation_record
2023-10-25,2023,10,Q4,full_year_stable,10134,3596,1.0754,0.0536,0.0877,0.9928,True,MAE<=0.10C_and_RMSE<=0.20C,fixed_equation_evaluation_record
2023-10-26,2023,10,Q4,full_year_stable,10123,3515,1.1001,0.059,0.0957,0.9925,True,MAE<=0.10C_and_RMSE<=0.20C,fixed_equation_evaluation_record
2023-10-27,2023,10,Q4,full_year_stable,11494,3562,1.0856,0.0533,0.0998,0.9922,True,MAE<=0.10C_and_RMSE<=0.20C,fixed_equation_evaluation_record
2023-10-28,2023,10,Q4,full_year_stable,10469,3575,1.0817,0.0472,0.0923,0.9946,True,MAE<=0.10C_and_RMSE<=0.20C,fixed_equation_evaluation_record
2023-10-29,2023,10,Q4,full_year_stable,11210,3520,1.0986,0.047,0.0781,0.9928,True,MAE<=0.10C_and_RMSE<=0.20C,fixed_equation_evaluation_record
2023-10-30,2023,10,Q4,full_year_stable,10796,3570,1.0832,0.0477,0.0857,0.9929,True,MAE<=0.10C_and_RMSE<=0.20C,fixed_equation_evaluation_record
2023-10-31,2023,10,Q4,full_year_stable,10948,3635,1.0638,0.0439,0.0806,0.9947,True,MAE<=0.10C_and_RMSE<=0.20C,fixed_equation_evaluation_record
2023-11-01,2023,11,Q4,full_year_stable,10965,3613,1.0703,0.046,0.0906,0.9943,True,MAE<=0.10C_and_RMSE<=0.20C,fixed_equation_evaluation_record
2023-11-02,2023,11,Q4,full_year_stable,9934,3515,1.1001,0.0498,0.0852,0.9932,True,MAE<=0.10C_and_RMSE<=0.20C,fixed_equation_evaluation_record
2023-11-03,2023,11,Q4,full_year_stable,10738,3615,1.0697,0.0422,0.0858,0.993,True,MAE<=0.10C_and_RMSE<=0.20C,fixed_equation_evaluation_record
2023-11-04,2023,11,Q4,full_year_stable,11155,3541,1.0921,0.0372,0.0668,0.9937,True,MAE<=0.10C_and_RMSE<=0.20C,fixed_equation_evaluation_record
2023-11-05,2023,11,Q4,full_year_stable,10112,3570,1.0832,0.0372,0.0787,0.9943,True,MAE<=0.10C_and_RMSE<=0.20C,fixed_equation_evaluation_record
2023-11-06,2023,11,Q4,full_year_stable,11392,3563,1.0853,0.048,0.0903,0.9951,True,MAE<=0.10C_and_RMSE<=0.20C,fixed_equation_evaluation_record
2023-11-07,2023,11,Q4,full_year_stable,10200,3551,1.089,0.0479,0.0733,0.9934,True,MAE<=0.10C_and_RMSE<=0.20C,fixed_equation_evaluation_record
2023-11-08,2023,11,Q4,full_year_stable,10490,3549,1.0896,0.0445,0.0705,0.994,True,MAE<=0.10C_and_RMSE<=0.20C,fixed_equation_evaluation_record
2023-11-09,2023,11,Q4,full_year_stable,9880,3558,1.0868,0.0452,0.0879,0.9927,True,MAE<=0.10C_and_RMSE<=0.20C,fixed_equation_evaluation_record
2023-11-10,2023,11,Q4,full_year_stable,10294,3548,1.0899,0.0426,0.0792,0.9939,True,MAE<=0.10C_and_RMSE<=0.20C,fixed_equation_evaluation_record
2023-11-11,2023,11,Q4,full_year_stable,10055,3598,1.0748,0.0325,0.0759,0.9962,True,MAE<=0.10C_and_RMSE<=0.20C,fixed_equation_evaluation_record
2023-11-12,2023,11,Q4,full_year_stable,9828,3527,1.0964,0.0392,0.0766,0.9953,True,MAE<=0.10C_and_RMSE<=0.20C,fixed_equation_evaluation_record
2023-11-13,2023,11,Q4,full_year_stable,10593,3524,1.0973,0.048,0.0914,0.995,True,MAE<=0.10C_and_RMSE<=0.20C,fixed_equation_evaluation_record
2023-11-14,2023,11,Q4,full_year_stable,10303,3482,1.1106,0.0551,0.0939,0.992,True,MAE<=0.10C_and_RMSE<=0.20C,fixed_equation_evaluation_record
2023-11-15,2023,11,Q4,full_year_stable,11480,3576,1.0814,0.0492,0.1015,0.9941,True,MAE<=0.10C_and_RMSE<=0.20C,fixed_equation_evaluation_record
2023-11-16,2023,11,Q4,full_year_stable,10457,3540,1.0924,0.0479,0.0977,0.9921,True,MAE<=0.10C_and_RMSE<=0.20C,fixed_equation_evaluation_record
2023-11-17,2023,11,Q4,full_year_stable,11253,3551,1.089,0.0541,0.0913,0.9937,True,MAE<=0.10C_and_RMSE<=0.20C,fixed_equation_evaluation_record
2023-11-18,2023,11,Q4,full_year_stable,11084,3595,1.0757,0.0508,0.0936,0.9932,True,MAE<=0.10C_and_RMSE<=0.20C,fixed_equation_evaluation_record
2023-11-19,2023,11,Q4,full_year_stable,9958,3660,1.0566,0.0501,0.1017,0.9913,True,MAE<=0.10C_and_RMSE<=0.20C,fixed_equation_evaluation_record
2023-11-20,2023,11,Q4,full_year_stable,10342,3541,1.0921,0.0477,0.0854,0.9942,True,MAE<=0.10C_and_RMSE<=0.20C,fixed_equation_evaluation_record
2023-11-21,2023,11,Q4,full_year_stable,11252,3563,1.0853,0.0478,0.0842,0.9936,True,MAE<=0.10C_and_RMSE<=0.20C,fixed_equation_evaluation_record
2023-11-22,2023,11,Q4,full_year_stable,10247,3624,1.0671,0.0375,0.0874,0.996,True,MAE<=0.10C_and_RMSE<=0.20C,fixed_equation_evaluation_record
2023-11-23,2023,11,Q4,full_year_stable,10101,3614,1.07,0.0435,0.0863,0.9931,True,MAE<=0.10C_and_RMSE<=0.20C,fixed_equation_evaluation_record
2023-11-24,2023,11,Q4,full_year_stable,10551,3585,1.0787,0.0402,0.092,0.9929,True,MAE<=0.10C_and_RMSE<=0.20C,fixed_equation_evaluation_record
2023-11-25,2023,11,Q4,full_year_stable,10412,3583,1.0793,0.0395,0.088,0.9945,True,MAE<=0.10C_and_RMSE<=0.20C,fixed_equation_evaluation_record
2023-11-26,2023,11,Q4,full_year_stable,10843,3632,1.0647,0.0417,0.0824,0.9947,True,MAE<=0.10C_and_RMSE<=0.20C,fixed_equation_evaluation_record
2023-11-27,2023,11,Q4,full_year_stable,10529,3571,1.0829,0.0455,0.072,0.9937,True,MAE<=0.10C_and_RMSE<=0.20C,fixed_equation_evaluation_record
2023-11-28,2023,11,Q4,full_year_stable,10837,3625,1.0668,0.0426,0.0822,0.9934,True,MAE<=0.10C_and_RMSE<=0.20C,fixed_equation_evaluation_record
2023-11-29,2023,11,Q4,full_year_stable,10796,3532,1.0948,0.0435,0.0885,0.9954,True,MAE<=0.10C_and_RMSE<=0.20C,fixed_equation_evaluation_record
2023-11-30,2023,11,Q4,full_year_stable,10837,3517,1.0995,0.041,0.0714,0.9954,True,MAE<=0.10C_and_RMSE<=0.20C,fixed_equation_evaluation_record
2023-12-01,2023,12,Q4,full_year_stable,10344,3529,1.0958,0.0409,0.0681,0.9937,True,MAE<=0.10C_and_RMSE<=0.20C,fixed_equation_evaluation_record
2023-12-02,2023,12,Q4,full_year_stable,11192,3661,1.0563,0.0405,0.0829,0.9945,True,MAE<=0.10C_and_RMSE<=0.20C,fixed_equation_evaluation_record
2023-12-03,2023,12,Q4,full_year_stable,10986,3625,1.0668,0.0492,0.0929,0.9943,True,MAE<=0.10C_and_RMSE<=0.20C,fixed_equation_evaluation_record
2023-12-04,2023,12,Q4,full_year_stable,10520,3630,1.0653,0.0506,0.0987,0.9935,True,MAE<=0.10C_and_RMSE<=0.20C,fixed_equation_evaluation_record
2023-12-05,2023,12,Q4,full_year_stable,10125,3672,1.0531,0.0451,0.0754,0.993,True,MAE<=0.10C_and_RMSE<=0.20C,fixed_equation_evaluation_record
2023-12-06,2023,12,Q4,full_year_stable,10910,3654,1.0583,0.0438,0.0921,0.9931,True,MAE<=0.10C_and_RMSE<=0.20C,fixed_equation_evaluation_record
2023-12-07,2023,12,Q4,full_year_stable,11243,3646,1.0606,0.0449,0.0767,0.9936,True,MAE<=0.10C_and_RMSE<=0.20C,fixed_equation_evaluation_record
2023-12-08,2023,12,Q4,full_year_stable,10258,3611,1.0709,0.0401,0.0925,0.9939,True,MAE<=0.10C_and_RMSE<=0.20C,fixed_equation_evaluation_record
2023-12-09,2023,12,Q4,full_year_stable,9899,3584,1.079,0.0473,0.0988,0.9929,True,MAE<=0.10C_and_RMSE<=0.20C,fixed_equation_evaluation_record
2023-12-10,2023,12,Q4,full_year_stable,11308,3521,1.0983,0.0415,0.0941,0.9948,True,MAE<=0.10C_and_RMSE<=0.20C,fixed_equation_evaluation_record
2023-12-11,2023,12,Q4,full_year_stable,10554,3560,1.0862,0.0436,0.0835,0.9932,True,MAE<=0.10C_and_RMSE<=0.20C,fixed_equation_evaluation_record
2023-12-12,2023,12,Q4,full_year_stable,11029,3654,1.0583,0.043,0.0744,0.9937,True,MAE<=0.10C_and_RMSE<=0.20C,fixed_equation_evaluation_record
2023-12-13,2023,12,Q4,full_year_stable,10585,3569,1.0835,0.0422,0.0794,0.9937,True,MAE<=0.10C_and_RMSE<=0.20C,fixed_equation_evaluation_record
2023-12-14,2023,12,Q4,full_year_stable,10886,3652,1.0589,0.0407,0.0795,0.9947,True,MAE<=0.10C_and_RMSE<=0.20C,fixed_equation_evaluation_record
2023-12-15,2023,12,Q4,full_year_stable,10056,3655,1.058,0.0409,0.0908,0.995,True,MAE<=0.10C_and_RMSE<=0.20C,fixed_equation_evaluation_record
2023-12-16,2023,12,Q4,full_year_stable,10351,3597,1.0751,0.0459,0.0894,0.9927,True,MAE<=0.10C_and_RMSE<=0.20C,fixed_equation_evaluation_record
2023-12-17,2023,12,Q4,full_year_stable,11225,3596,1.0754,0.0491,0.0902,0.993,True,MAE<=0.10C_and_RMSE<=0.20C,fixed_equation_evaluation_record
2023-12-18,2023,12,Q4,full_year_stable,11145,3619,1.0685,0.0432,0.0924,0.9927,True,MAE<=0.10C_and_RMSE<=0.20C,fixed_equation_evaluation_record
2023-12-19,2023,12,Q4,full_year_stable,9989,3579,1.0805,0.0412,0.0748,0.9943,True,MAE<=0.10C_and_RMSE<=0.20C,fixed_equation_evaluation_record
2023-12-20,2023,12,Q4,full_year_stable,10694,3544,1.0911,0.0392,0.0667,0.9921,True,MAE<=0.10C_and_RMSE<=0.20C,fixed_equation_evaluation_record
2023-12-21,2023,12,Q4,full_year_stable,10567,3603,1.0733,0.0477,0.0914,0.9944,True,MAE<=0.10C_and_RMSE<=0.20C,fixed_equation_evaluation_record
2023-12-22,2023,12,Q4,full_year_stable,10386,3606,1.0724,0.0375,0.0786,0.9941,True,MAE<=0.10C_and_RMSE<=0.20C,fixed_equation_evaluation_record
2023-12-23,2023,12,Q4,full_year_stable,10709,3618,1.0688,0.0423,0.0735,0.9942,True,MAE<=0.10C_and_RMSE<=0.20C,fixed_equation_evaluation_record
2023-12-24,2023,12,Q4,full_year_stable,11197,3623,1.0673,0.0459,0.0917,0.9951,True,MAE<=0.10C_and_RMSE<=0.20C,fixed_equation_evaluation_record
2023-12-25,2023,12,Q4,full_year_stable,9773,3640,1.0624,0.0354,0.0857,0.9951,True,MAE<=0.10C_and_RMSE<=0.20C,fixed_equation_evaluation_record
2023-12-26,2023,12,Q4,full_year_stable,10939,3628,1.0659,0.032,0.0716,0.9947,True,MAE<=0.10C_and_RMSE<=0.20C,fixed_equation_evaluation_record
2023-12-27,2023,12,Q4,full_year_stable,10730,3593,1.0763,0.0294,0.0635,0.9943,True,MAE<=0.10C_and_RMSE<=0.20C,fixed_equation_evaluation_record
2023-12-28,2023,12,Q4,full_year_stable,10523,3632,1.0647,0.0292,0.0727,0.9952,True,MAE<=0.10C_and_RMSE<=0.20C,fixed_equation_evaluation_record
2023-12-29,2023,12,Q4,full_year_stable,11424,3674,1.0525,0.0391,0.088,0.9942,True,MAE<=0.10C_and_RMSE<=0.20C,fixed_equation_evaluation_record
2023-12-30,2023,12,Q4,full_year_stable,10028,3624,1.0671,0.0414,0.0734,0.9952,True,MAE<=0.10C_and_RMSE<=0.20C,fixed_equation_evaluation_record
2023-12-31,2023,12,Q4,full_year_stable,10336,3666,1.0548,0.0378,0.0717,0.993,True,MAE<=0.10C_and_RMSE<=0.20C,fixed_equation_evaluation_record
2024-01-01,2024,1,Q1,H1_stable,10558,3658,1.0571,0.0394,0.0801,0.9944,True,MAE<=0.10C_and_RMSE<=0.20C,fixed_equation_evaluation_record
2024-01-02,2024,1,Q1,H1_stable,11321,3555,1.0878,0.0334,0.0683,0.9961,True,MAE<=0.10C_and_RMSE<=0.20C,fixed_equation_evaluation_record
2024-01-03,2024,1,Q1,H1_stable,11106,3642,1.0618,0.0358,0.0659,0.9939,True,MAE<=0.10C_and_RMSE<=0.20C,fixed_equation_evaluation_record
2024-01-04,2024,1,Q1,H1_stable,10380,3650,1.0595,0.0362,0.0769,0.9939,True,MAE<=0.10C_and_RMSE<=0.20C,fixed_equation_evaluation_record
2024-01-05,2024,1,Q1,H1_stable,10403,3655,1.058,0.0374,0.0647,0.9945,True,MAE<=0.10C_and_RMSE<=0.20C,fixed_equation_evaluation_record
2024-01-06,2024,1,Q1,H1_stable,11335,3614,1.07,0.0493,0.0776,0.9938,True,MAE<=0.10C_and_RMSE<=0.20C,fixed_equation_evaluation_record
2024-01-07,2024,1,Q1,H1_stable,10856,3734,1.0356,0.046,0.0761,0.9928,True,MAE<=0.10C_and_RMSE<=0.20C,fixed_equation_evaluation_record
2024-01-08,2024,1,Q1,H1_stable,10604,3608,1.0718,0.0464,0.0729,0.9946,True,MAE<=0.10C_and_RMSE<=0.20C,fixed_equation_evaluation_record
2024-01-09,2024,1,Q1,H1_stable,11280,3634,1.0641,0.0461,0.0686,0.9935,True,MAE<=0.10C_and_RMSE<=0.20C,fixed_equation_evaluation_record
2024-01-10,2024,1,Q1,H1_stable,10450,3627,1.0662,0.0416,0.0649,0.9945,True,MAE<=0.10C_and_RMSE<=0.20C,fixed_equation_evaluation_record
2024-01-11,2024,1,Q1,H1_stable,11701,3657,1.0574,0.0391,0.0786,0.9959,True,MAE<=0.10C_and_RMSE<=0.20C,fixed_equation_evaluation_record
2024-01-12,2024,1,Q1,H1_stable,11178,3673,1.0528,0.0424,0.072,0.9927,True,MAE<=0.10C_and_RMSE<=0.20C,fixed_equation_evaluation_record
2024-01-13,2024,1,Q1,H1_stable,11141,3638,1.0629,0.0487,0.073,0.9926,True,MAE<=0.10C_and_RMSE<=0.20C,fixed_equation_evaluation_record
2024-01-14,2024,1,Q1,H1_stable,11245,3706,1.0434,0.0492,0.0781,0.9931,True,MAE<=0.10C_and_RMSE<=0.20C,fixed_equation_evaluation_record
2024-01-15,2024,1,Q1,H1_stable,11082,3655,1.058,0.0441,0.0873,0.9926,True,MAE<=0.10C_and_RMSE<=0.20C,fixed_equation_evaluation_record
2024-01-16,2024,1,Q1,H1_stable,10203,3658,1.0571,0.0449,0.0659,0.9944,True,MAE<=0.10C_and_RMSE<=0.20C,fixed_equation_evaluation_record
2024-01-17,2024,1,Q1,H1_stable,10337,3624,1.0671,0.0436,0.0913,0.9944,True,MAE<=0.10C_and_RMSE<=0.20C,fixed_equation_evaluation_record
2024-01-18,2024,1,Q1,H1_stable,11293,3651,1.0592,0.0392,0.0789,0.9948,True,MAE<=0.10C_and_RMSE<=0.20C,fixed_equation_evaluation_record
2024-01-19,2024,1,Q1,H1_stable,10339,3682,1.0502,0.0408,0.0736,0.9942,True,MAE<=0.10C_and_RMSE<=0.20C,fixed_equation_evaluation_record
2024-01-20,2024,1,Q1,H1_stable,11124,3561,1.0859,0.0377,0.0732,0.995,True,MAE<=0.10C_and_RMSE<=0.20C,fixed_equation_evaluation_record
2024-01-21,2024,1,Q1,H1_stable,11084,3655,1.058,0.0375,0.0708,0.994,True,MAE<=0.10C_and_RMSE<=0.20C,fixed_equation_evaluation_record
2024-01-22,2024,1,Q1,H1_stable,11054,3635,1.0638,0.0387,0.074,0.9953,True,MAE<=0.10C_and_RMSE<=0.20C,fixed_equation_evaluation_record
2024-01-23,2024,1,Q1,H1_stable,12531,3660,1.0566,0.0388,0.0859,0.9947,True,MAE<=0.10C_and_RMSE<=0.20C,fixed_equation_evaluation_record
2024-01-24,2024,1,Q1,H1_stable,11672,3636,1.0635,0.0301,0.0737,0.9946,True,MAE<=0.10C_and_RMSE<=0.20C,fixed_equation_evaluation_record
2024-01-25,2024,1,Q1,H1_stable,11458,3638,1.0629,0.0374,0.0674,0.9945,True,MAE<=0.10C_and_RMSE<=0.20C,fixed_equation_evaluation_record
2024-01-26,2024,1,Q1,H1_stable,11204,3699,1.0454,0.0359,0.0678,0.9975,True,MAE<=0.10C_and_RMSE<=0.20C,fixed_equation_evaluation_record
2024-01-27,2024,1,Q1,H1_stable,11198,3611,1.0709,0.0383,0.078,0.9949,True,MAE<=0.10C_and_RMSE<=0.20C,fixed_equation_evaluation_record
2024-01-28,2024,1,Q1,H1_stable,10924,3632,1.0647,0.0369,0.0754,0.9938,True,MAE<=0.10C_and_RMSE<=0.20C,fixed_equation_evaluation_record
2024-01-29,2024,1,Q1,H1_stable,10037,3674,1.0525,0.0366,0.0853,0.9964,True,MAE<=0.10C_and_RMSE<=0.20C,fixed_equation_evaluation_record
2024-01-30,2024,1,Q1,H1_stable,11583,3664,1.0554,0.0341,0.0741,0.9963,True,MAE<=0.10C_and_RMSE<=0.20C,fixed_equation_evaluation_record
2024-01-31,2024,1,Q1,H1_stable,10722,3683,1.05,0.0354,0.0841,0.9936,True,MAE<=0.10C_and_RMSE<=0.20C,fixed_equation_evaluation_record
2024-02-01,2024,2,Q1,H1_stable,10881,3604,1.073,0.0393,0.0657,0.9945,True,MAE<=0.10C_and_RMSE<=0.20C,fixed_equation_evaluation_record
2024-02-02,2024,2,Q1,H1_stable,11496,3690,1.048,0.0395,0.0815,0.9937,True,MAE<=0.10C_and_RMSE<=0.20C,fixed_equation_evaluation_record
2024-02-03,2024,2,Q1,H1_stable,10882,3665,1.0551,0.0375,0.0699,0.9945,True,MAE<=0.10C_and_RMSE<=0.20C,fixed_equation_evaluation_record
2024-02-04,2024,2,Q1,H1_stable,11395,3706,1.0434,0.043,0.0825,0.994,True,MAE<=0.10C_and_RMSE<=0.20C,fixed_equation_evaluation_record
2024-02-05,2024,2,Q1,H1_stable,9882,3706,1.0434,0.0425,0.0691,0.9944,True,MAE<=0.10C_and_RMSE<=0.20C,fixed_equation_evaluation_record
2024-02-06,2024,2,Q1,H1_stable,10893,3586,1.0784,0.0436,0.0707,0.9947,True,MAE<=0.10C_and_RMSE<=0.20C,fixed_equation_evaluation_record
2024-02-07,2024,2,Q1,H1_stable,11570,3526,1.0967,0.038,0.0689,0.9944,True,MAE<=0.10C_and_RMSE<=0.20C,fixed_equation_evaluation_record
2024-02-08,2024,2,Q1,H1_stable,10900,3605,1.0727,0.0368,0.0729,0.9939,True,MAE<=0.10C_and_RMSE<=0.20C,fixed_equation_evaluation_record
2024-02-09,2024,2,Q1,H1_stable,11751,3626,1.0665,0.0371,0.0655,0.9947,True,MAE<=0.10C_and_RMSE<=0.20C,fixed_equation_evaluation_record
2024-02-10,2024,2,Q1,H1_stable,11399,3685,1.0494,0.0413,0.0669,0.9936,True,MAE<=0.10C_and_RMSE<=0.20C,fixed_equation_evaluation_record
2024-02-11,2024,2,Q1,H1_stable,11291,3669,1.054,0.0378,0.0733,0.9951,True,MAE<=0.10C_and_RMSE<=0.20C,fixed_equation_evaluation_record
2024-02-12,2024,2,Q1,H1_stable,11693,3631,1.065,0.0381,0.0851,0.9954,True,MAE<=0.10C_and_RMSE<=0.20C,fixed_equation_evaluation_record
2024-02-13,2024,2,Q1,H1_stable,11723,3660,1.0566,0.0446,0.0791,0.9937,True,MAE<=0.10C_and_RMSE<=0.20C,fixed_equation_evaluation_record
2024-02-14,2024,2,Q1,H1_stable,11508,3714,1.0412,0.0485,0.0878,0.9937,True,MAE<=0.10C_and_RMSE<=0.20C,fixed_equation_evaluation_record
2024-02-15,2024,2,Q1,H1_stable,11300,3718,1.0401,0.05,0.0977,0.9937,True,MAE<=0.10C_and_RMSE<=0.20C,fixed_equation_evaluation_record
2024-02-16,2024,2,Q1,H1_stable,11391,3612,1.0706,0.0434,0.0839,0.9948,True,MAE<=0.10C_and_RMSE<=0.20C,fixed_equation_evaluation_record
2024-02-17,2024,2,Q1,H1_stable,11495,3709,1.0426,0.0454,0.0792,0.9927,True,MAE<=0.10C_and_RMSE<=0.20C,fixed_equation_evaluation_record
2024-02-18,2024,2,Q1,H1_stable,11079,3682,1.0502,0.0526,0.093,0.9928,True,MAE<=0.10C_and_RMSE<=0.20C,fixed_equation_evaluation_record
2024-02-19,2024,2,Q1,H1_stable,11311,3678,1.0514,0.0427,0.0944,0.995,True,MAE<=0.10C_and_RMSE<=0.20C,fixed_equation_evaluation_record
2024-02-20,2024,2,Q1,H1_stable,10741,3695,1.0465,0.0418,0.0782,0.9939,True,MAE<=0.10C_and_RMSE<=0.20C,fixed_equation_evaluation_record
2024-02-21,2024,2,Q1,H1_stable,11895,3730,1.0367,0.0445,0.0868,0.9944,True,MAE<=0.10C_and_RMSE<=0.20C,fixed_equation_evaluation_record
2024-02-22,2024,2,Q1,H1_stable,11422,3649,1.0597,0.0438,0.0761,0.9922,True,MAE<=0.10C_and_RMSE<=0.20C,fixed_equation_evaluation_record
2024-02-23,2024,2,Q1,H1_stable,10464,3678,1.0514,0.0356,0.0789,0.9959,True,MAE<=0.10C_and_RMSE<=0.20C,fixed_equation_evaluation_record
2024-02-24,2024,2,Q1,H1_stable,12554,3722,1.039,0.0423,0.0674,0.9933,True,MAE<=0.10C_and_RMSE<=0.20C,fixed_equation_evaluation_record
2024-02-25,2024,2,Q1,H1_stable,10637,3636,1.0635,0.0412,0.0862,0.995,True,MAE<=0.10C_and_RMSE<=0.20C,fixed_equation_evaluation_record
2024-02-26,2024,2,Q1,H1_stable,10485,3653,1.0586,0.042,0.0703,0.9941,True,MAE<=0.10C_and_RMSE<=0.20C,fixed_equation_evaluation_record
2024-02-27,2024,2,Q1,H1_stable,11815,3649,1.0597,0.0461,0.0891,0.9935,True,MAE<=0.10C_and_RMSE<=0.20C,fixed_equation_evaluation_record
2024-02-28,2024,2,Q1,H1_stable,11538,3734,1.0356,0.0389,0.0615,0.9949,True,MAE<=0.10C_and_RMSE<=0.20C,fixed_equation_evaluation_record
2024-02-29,2024,2,Q1,H1_stable,10740,3668,1.0543,0.0333,0.0794,0.9934,True,MAE<=0.10C_and_RMSE<=0.20C,fixed_equation_evaluation_record
2024-03-01,2024,3,Q1,H1_stable,11189,3673,1.0528,0.0446,0.0941,0.9943,True,MAE<=0.10C_and_RMSE<=0.20C,fixed_equation_evaluation_record
2024-03-02,2024,3,Q1,H1_stable,11212,3686,1.0491,0.0485,0.0935,0.9909,True,MAE<=0.10C_and_RMSE<=0.20C,fixed_equation_evaluation_record
2024-03-03,2024,3,Q1,H1_stable,11202,3592,1.0766,0.0468,0.0886,0.9967,True,MAE<=0.10C_and_RMSE<=0.20C,fixed_equation_evaluation_record
2024-03-04,2024,3,Q1,H1_stable,11351,3614,1.07,0.0502,0.0894,0.9953,True,MAE<=0.10C_and_RMSE<=0.20C,fixed_equation_evaluation_record
2024-03-05,2024,3,Q1,H1_stable,11967,3589,1.0775,0.0569,0.1014,0.9917,True,MAE<=0.10C_and_RMSE<=0.20C,fixed_equation_evaluation_record
2024-03-06,2024,3,Q1,H1_stable,10656,3616,1.0694,0.0539,0.0916,0.9953,True,MAE<=0.10C_and_RMSE<=0.20C,fixed_equation_evaluation_record
2024-03-07,2024,3,Q1,H1_stable,12338,3643,1.0615,0.0504,0.0839,0.9932,True,MAE<=0.10C_and_RMSE<=0.20C,fixed_equation_evaluation_record
2024-03-08,2024,3,Q1,H1_stable,11403,3686,1.0491,0.051,0.0863,0.9935,True,MAE<=0.10C_and_RMSE<=0.20C,fixed_equation_evaluation_record
2024-03-09,2024,3,Q1,H1_stable,11357,3662,1.056,0.0449,0.0755,0.9915,True,MAE<=0.10C_and_RMSE<=0.20C,fixed_equation_evaluation_record
2024-03-10,2024,3,Q1,H1_stable,12038,3631,1.065,0.0431,0.0861,0.9946,True,MAE<=0.10C_and_RMSE<=0.20C,fixed_equation_evaluation_record
2024-03-11,2024,3,Q1,H1_stable,10699,3675,1.0522,0.0496,0.0942,0.993,True,MAE<=0.10C_and_RMSE<=0.20C,fixed_equation_evaluation_record
2024-03-12,2024,3,Q1,H1_stable,11673,3615,1.0697,0.041,0.0795,0.9937,True,MAE<=0.10C_and_RMSE<=0.20C,fixed_equation_evaluation_record
2024-03-13,2024,3,Q1,H1_stable,11273,3646,1.0606,0.0432,0.0739,0.9965,True,MAE<=0.10C_and_RMSE<=0.20C,fixed_equation_evaluation_record
2024-03-14,2024,3,Q1,H1_stable,10666,3691,1.0477,0.0436,0.0831,0.9926,True,MAE<=0.10C_and_RMSE<=0.20C,fixed_equation_evaluation_record
2024-03-15,2024,3,Q1,H1_stable,11562,3655,1.058,0.04,0.0678,0.9955,True,MAE<=0.10C_and_RMSE<=0.20C,fixed_equation_evaluation_record
2024-03-16,2024,3,Q1,H1_stable,11287,3627,1.0662,0.0448,0.0778,0.9953,True,MAE<=0.10C_and_RMSE<=0.20C,fixed_equation_evaluation_record
2024-03-17,2024,3,Q1,H1_stable,12152,3649,1.0597,0.045,0.0919,0.9952,True,MAE<=0.10C_and_RMSE<=0.20C,fixed_equation_evaluation_record
2024-03-18,2024,3,Q1,H1_stable,11460,3607,1.0721,0.0448,0.0777,0.9953,True,MAE<=0.10C_and_RMSE<=0.20C,fixed_equation_evaluation_record
2024-03-19,2024,3,Q1,H1_stable,12526,3640,1.0624,0.0362,0.0835,0.9949,True,MAE<=0.10C_and_RMSE<=0.20C,fixed_equation_evaluation_record
2024-03-20,2024,3,Q1,H1_stable,11953,3652,1.0589,0.0356,0.0769,0.9949,True,MAE<=0.10C_and_RMSE<=0.20C,fixed_equation_evaluation_record
2024-03-21,2024,3,Q1,H1_stable,11531,3674,1.0525,0.0416,0.0721,0.9936,True,MAE<=0.10C_and_RMSE<=0.20C,fixed_equation_evaluation_record
2024-03-22,2024,3,Q1,H1_stable,11633,3643,1.0615,0.0409,0.065,0.9946,True,MAE<=0.10C_and_RMSE<=0.20C,fixed_equation_evaluation_record
2024-03-23,2024,3,Q1,H1_stable,11401,3642,1.0618,0.0429,0.0661,0.9931,True,MAE<=0.10C_and_RMSE<=0.20C,fixed_equation_evaluation_record
2024-03-24,2024,3,Q1,H1_stable,12012,3669,1.054,0.0398,0.0685,0.9933,True,MAE<=0.10C_and_RMSE<=0.20C,fixed_equation_evaluation_record
2024-03-25,2024,3,Q1,H1_stable,12157,3679,1.0511,0.0418,0.0768,0.9948,True,MAE<=0.10C_and_RMSE<=0.20C,fixed_equation_evaluation_record
2024-03-26,2024,3,Q1,H1_stable,11014,3702,1.0446,0.0451,0.0853,0.9933,True,MAE<=0.10C_and_RMSE<=0.20C,fixed_equation_evaluation_record
2024-03-27,2024,3,Q1,H1_stable,12049,3597,1.0751,0.0421,0.0656,0.9939,True,MAE<=0.10C_and_RMSE<=0.20C,fixed_equation_evaluation_record
2024-03-28,2024,3,Q1,H1_stable,11802,3597,1.0751,0.0405,0.0883,0.9936,True,MAE<=0.10C_and_RMSE<=0.20C,fixed_equation_evaluation_record
2024-03-29,2024,3,Q1,H1_stable,11521,3640,1.0624,0.0365,0.0823,0.9961,True,MAE<=0.10C_and_RMSE<=0.20C,fixed_equation_evaluation_record
2024-03-30,2024,3,Q1,H1_stable,11706,3644,1.0612,0.0411,0.09,0.9961,True,MAE<=0.10C_and_RMSE<=0.20C,fixed_equation_evaluation_record
2024-03-31,2024,3,Q1,H1_stable,11320,3740,1.034,0.0458,0.0879,0.996,True,MAE<=0.10C_and_RMSE<=0.20C,fixed_equation_evaluation_record
2024-04-01,2024,4,Q2,H1_stable,11185,3676,1.052,0.0493,0.0961,0.9943,True,MAE<=0.10C_and_RMSE<=0.20C,fixed_equation_evaluation_record
2024-04-02,2024,4,Q2,H1_stable,10764,3626,1.0665,0.0484,0.0899,0.9933,True,MAE<=0.10C_and_RMSE<=0.20C,fixed_equation_evaluation_record
2024-04-03,2024,4,Q2,H1_stable,12119,3657,1.0574,0.0474,0.0843,0.9942,True,MAE<=0.10C_and_RMSE<=0.20C,fixed_equation_evaluation_record
2024-04-04,2024,4,Q2,H1_stable,12358,3605,1.0727,0.0511,0.1011,0.9924,True,MAE<=0.10C_and_RMSE<=0.20C,fixed_equation_evaluation_record
2024-04-05,2024,4,Q2,H1_stable,11688,3725,1.0381,0.0448,0.0833,0.9937,True,MAE<=0.10C_and_RMSE<=0.20C,fixed_equation_evaluation_record
2024-04-06,2024,4,Q2,H1_stable,11245,3652,1.0589,0.0458,0.0759,0.993,True,MAE<=0.10C_and_RMSE<=0.20C,fixed_equation_evaluation_record
2024-04-07,2024,4,Q2,H1_stable,11140,3692,1.0474,0.0512,0.0763,0.9935,True,MAE<=0.10C_and_RMSE<=0.20C,fixed_equation_evaluation_record
2024-04-08,2024,4,Q2,H1_stable,12250,3595,1.0757,0.0486,0.0985,0.9939,True,MAE<=0.10C_and_RMSE<=0.20C,fixed_equation_evaluation_record
2024-04-09,2024,4,Q2,H1_stable,11541,3661,1.0563,0.053,0.0901,0.9931,True,MAE<=0.10C_and_RMSE<=0.20C,fixed_equation_evaluation_record
2024-04-10,2024,4,Q2,H1_stable,10921,3625,1.0668,0.0547,0.0795,0.9922,True,MAE<=0.10C_and_RMSE<=0.20C,fixed_equation_evaluation_record
2024-04-11,2024,4,Q2,H1_stable,11783,3644,1.0612,0.0453,0.0885,0.9926,True,MAE<=0.10C_and_RMSE<=0.20C,fixed_equation_evaluation_record
2024-04-12,2024,4,Q2,H1_stable,12110,3577,1.0811,0.0431,0.0985,0.9938,True,MAE<=0.10C_and_RMSE<=0.20C,fixed_equation_evaluation_record
2024-04-13,2024,4,Q2,H1_stable,11928,3707,1.0432,0.0434,0.0835,0.995,True,MAE<=0.10C_and_RMSE<=0.20C,fixed_equation_evaluation_record
2024-04-14,2024,4,Q2,H1_stable,11230,3654,1.0583,0.042,0.0807,0.9941,True,MAE<=0.10C_and_RMSE<=0.20C,fixed_equation_evaluation_record
2024-04-15,2024,4,Q2,H1_stable,11574,3724,1.0384,0.0399,0.0697,0.9961,True,MAE<=0.10C_and_RMSE<=0.20C,fixed_equation_evaluation_record
2024-04-16,2024,4,Q2,H1_stable,11978,3740,1.034,0.0416,0.0861,0.9942,True,MAE<=0.10C_and_RMSE<=0.20C,fixed_equation_evaluation_record
2024-04-17,2024,4,Q2,H1_stable,11656,3674,1.0525,0.0468,0.0747,0.9947,True,MAE<=0.10C_and_RMSE<=0.20C,fixed_equation_evaluation_record
2024-04-18,2024,4,Q2,H1_stable,12769,3673,1.0528,0.0531,0.0926,0.9931,True,MAE<=0.10C_and_RMSE<=0.20C,fixed_equation_evaluation_record
2024-04-19,2024,4,Q2,H1_stable,11630,3655,1.058,0.0417,0.0892,0.9949,True,MAE<=0.10C_and_RMSE<=0.20C,fixed_equation_evaluation_record
2024-04-20,2024,4,Q2,H1_stable,11657,3677,1.0517,0.0407,0.0739,0.9974,True,MAE<=0.10C_and_RMSE<=0.20C,fixed_equation_evaluation_record
2024-04-21,2024,4,Q2,H1_stable,11534,3624,1.0671,0.041,0.0766,0.9963,True,MAE<=0.10C_and_RMSE<=0.20C,fixed_equation_evaluation_record
2024-04-22,2024,4,Q2,H1_stable,10613,3737,1.0348,0.041,0.0895,0.9954,True,MAE<=0.10C_and_RMSE<=0.20C,fixed_equation_evaluation_record
2024-04-23,2024,4,Q2,H1_stable,11860,3652,1.0589,0.0475,0.0925,0.9955,True,MAE<=0.10C_and_RMSE<=0.20C,fixed_equation_evaluation_record
2024-04-24,2024,4,Q2,H1_stable,11245,3624,1.0671,0.0453,0.0939,0.9949,True,MAE<=0.10C_and_RMSE<=0.20C,fixed_equation_evaluation_record
2024-04-25,2024,4,Q2,H1_stable,11393,3707,1.0432,0.0446,0.0811,0.9919,True,MAE<=0.10C_and_RMSE<=0.20C,fixed_equation_evaluation_record
2024-04-26,2024,4,Q2,H1_stable,12096,3666,1.0548,0.0422,0.091,0.9954,True,MAE<=0.10C_and_RMSE<=0.20C,fixed_equation_evaluation_record
2024-04-27,2024,4,Q2,H1_stable,12436,3635,1.0638,0.0483,0.0931,0.9932,True,MAE<=0.10C_and_RMSE<=0.20C,fixed_equation_evaluation_record
2024-04-28,2024,4,Q2,H1_stable,12371,3632,1.0647,0.0412,0.0831,0.9938,True,MAE<=0.10C_and_RMSE<=0.20C,fixed_equation_evaluation_record
2024-04-29,2024,4,Q2,H1_stable,10999,3542,1.0918,0.0477,0.0756,0.9944,True,MAE<=0.10C_and_RMSE<=0.20C,fixed_equation_evaluation_record
2024-04-30,2024,4,Q2,H1_stable,11731,3701,1.0449,0.0491,0.0872,0.9936,True,MAE<=0.10C_and_RMSE<=0.20C,fixed_equation_evaluation_record
2024-05-01,2024,5,Q2,H1_stable,11923,3694,1.0468,0.0481,0.0851,0.9949,True,MAE<=0.10C_and_RMSE<=0.20C,fixed_equation_evaluation_record
2024-05-02,2024,5,Q2,H1_stable,12359,3705,1.0437,0.0559,0.1005,0.992,True,MAE<=0.10C_and_RMSE<=0.20C,fixed_equation_evaluation_record
2024-05-03,2024,5,Q2,H1_stable,12327,3640,1.0624,0.0481,0.0927,0.9941,True,MAE<=0.10C_and_RMSE<=0.20C,fixed_equation_evaluation_record
2024-05-04,2024,5,Q2,H1_stable,11893,3619,1.0685,0.0491,0.0855,0.9926,True,MAE<=0.10C_and_RMSE<=0.20C,fixed_equation_evaluation_record
2024-05-05,2024,5,Q2,H1_stable,11364,3648,1.06,0.0557,0.0915,0.9919,True,MAE<=0.10C_and_RMSE<=0.20C,fixed_equation_evaluation_record
2024-05-06,2024,5,Q2,H1_stable,12446,3586,1.0784,0.0544,0.0963,0.9933,True,MAE<=0.10C_and_RMSE<=0.20C,fixed_equation_evaluation_record
2024-05-07,2024,5,Q2,H1_stable,11792,3610,1.0712,0.0548,0.0888,0.9949,True,MAE<=0.10C_and_RMSE<=0.20C,fixed_equation_evaluation_record
2024-05-08,2024,5,Q2,H1_stable,11401,3650,1.0595,0.0486,0.0914,0.9943,True,MAE<=0.10C_and_RMSE<=0.20C,fixed_equation_evaluation_record
2024-05-09,2024,5,Q2,H1_stable,11068,3611,1.0709,0.0497,0.094,0.9937,True,MAE<=0.10C_and_RMSE<=0.20C,fixed_equation_evaluation_record
2024-05-10,2024,5,Q2,H1_stable,12015,3583,1.0793,0.0478,0.0899,0.9936,True,MAE<=0.10C_and_RMSE<=0.20C,fixed_equation_evaluation_record
2024-05-11,2024,5,Q2,H1_stable,11121,3678,1.0514,0.0451,0.0795,0.9926,True,MAE<=0.10C_and_RMSE<=0.20C,fixed_equation_evaluation_record
2024-05-12,2024,5,Q2,H1_stable,12232,3610,1.0712,0.0532,0.1042,0.9932,True,MAE<=0.10C_and_RMSE<=0.20C,fixed_equation_evaluation_record
2024-05-13,2024,5,Q2,H1_stable,12605,3587,1.0781,0.0498,0.0961,0.991,True,MAE<=0.10C_and_RMSE<=0.20C,fixed_equation_evaluation_record
2024-05-14,2024,5,Q2,H1_stable,11639,3574,1.082,0.0519,0.1128,0.9932,True,MAE<=0.10C_and_RMSE<=0.20C,fixed_equation_evaluation_record
2024-05-15,2024,5,Q2,H1_stable,11705,3620,1.0682,0.0472,0.1092,0.9919,True,MAE<=0.10C_and_RMSE<=0.20C,fixed_equation_evaluation_record
2024-05-16,2024,5,Q2,H1_stable,11604,3644,1.0612,0.0412,0.093,0.9936,True,MAE<=0.10C_and_RMSE<=0.20C,fixed_equation_evaluation_record
2024-05-17,2024,5,Q2,H1_stable,11545,3656,1.0577,0.0465,0.0804,0.9929,True,MAE<=0.10C_and_RMSE<=0.20C,fixed_equation_evaluation_record
2024-05-18,2024,5,Q2,H1_stable,11684,3603,1.0733,0.0452,0.0945,0.9936,True,MAE<=0.10C_and_RMSE<=0.20C,fixed_equation_evaluation_record
2024-05-19,2024,5,Q2,H1_stable,11742,3665,1.0551,0.0527,0.076,0.9922,True,MAE<=0.10C_and_RMSE<=0.20C,fixed_equation_evaluation_record
2024-05-20,2024,5,Q2,H1_stable,11075,3642,1.0618,0.05,0.099,0.995,True,MAE<=0.10C_and_RMSE<=0.20C,fixed_equation_evaluation_record
2024-05-21,2024,5,Q2,H1_stable,11513,3654,1.0583,0.0492,0.1013,0.9921,True,MAE<=0.10C_and_RMSE<=0.20C,fixed_equation_evaluation_record
2024-05-22,2024,5,Q2,H1_stable,12058,3729,1.037,0.0461,0.0741,0.9936,True,MAE<=0.10C_and_RMSE<=0.20C,fixed_equation_evaluation_record
2024-05-23,2024,5,Q2,H1_stable,12162,3645,1.0609,0.0501,0.097,0.994,True,MAE<=0.10C_and_RMSE<=0.20C,fixed_equation_evaluation_record
2024-05-24,2024,5,Q2,H1_stable,12300,3681,1.0505,0.0527,0.0923,0.9934,True,MAE<=0.10C_and_RMSE<=0.20C,fixed_equation_evaluation_record
2024-05-25,2024,5,Q2,H1_stable,11768,3696,1.0463,0.0518,0.0843,0.993,True,MAE<=0.10C_and_RMSE<=0.20C,fixed_equation_evaluation_record
2024-05-26,2024,5,Q2,H1_stable,11686,3649,1.0597,0.0504,0.0932,0.9942,True,MAE<=0.10C_and_RMSE<=0.20C,fixed_equation_evaluation_record
2024-05-27,2024,5,Q2,H1_stable,11334,3739,1.0342,0.0442,0.0733,0.9936,True,MAE<=0.10C_and_RMSE<=0.20C,fixed_equation_evaluation_record
2024-05-28,2024,5,Q2,H1_stable,12728,3642,1.0618,0.0434,0.0779,0.9947,True,MAE<=0.10C_and_RMSE<=0.20C,fixed_equation_evaluation_record
2024-05-29,2024,5,Q2,H1_stable,11983,3599,1.0745,0.0436,0.0913,0.9953,True,MAE<=0.10C_and_RMSE<=0.20C,fixed_equation_evaluation_record
2024-05-30,2024,5,Q2,H1_stable,11545,3604,1.073,0.0395,0.0784,0.994,True,MAE<=0.10C_and_RMSE<=0.20C,fixed_equation_evaluation_record
2024-05-31,2024,5,Q2,H1_stable,11326,3593,1.0763,0.0459,0.0969,0.9937,True,MAE<=0.10C_and_RMSE<=0.20C,fixed_equation_evaluation_record
2024-06-01,2024,6,Q2,H1_stable,11968,3615,1.0697,0.0515,0.0921,0.9928,True,MAE<=0.10C_and_RMSE<=0.20C,fixed_equation_evaluation_record
2024-06-02,2024,6,Q2,H1_stable,12009,3629,1.0656,0.0519,0.0999,0.9937,True,MAE<=0.10C_and_RMSE<=0.20C,fixed_equation_evaluation_record
2024-06-03,2024,6,Q2,H1_stable,11547,3569,1.0835,0.0511,0.0952,0.9929,True,MAE<=0.10C_and_RMSE<=0.20C,fixed_equation_evaluation_record
2024-06-04,2024,6,Q2,H1_stable,12396,3551,1.089,0.053,0.1057,0.9933,True,MAE<=0.10C_and_RMSE<=0.20C,fixed_equation_evaluation_record
2024-06-05,2024,6,Q2,H1_stable,11617,3648,1.06,0.0471,0.093,0.9954,True,MAE<=0.10C_and_RMSE<=0.20C,fixed_equation_evaluation_record
2024-06-06,2024,6,Q2,H1_stable,11800,3639,1.0627,0.0541,0.1032,0.9946,True,MAE<=0.10C_and_RMSE<=0.20C,fixed_equation_evaluation_record
2024-06-07,2024,6,Q2,H1_stable,11977,3606,1.0724,0.0463,0.092,0.992,True,MAE<=0.10C_and_RMSE<=0.20C,fixed_equation_evaluation_record
2024-06-08,2024,6,Q2,H1_stable,11750,3597,1.0751,0.0391,0.0879,0.9949,True,MAE<=0.10C_and_RMSE<=0.20C,fixed_equation_evaluation_record
2024-06-09,2024,6,Q2,H1_stable,11798,3608,1.0718,0.0499,0.0912,0.9933,True,MAE<=0.10C_and_RMSE<=0.20C,fixed_equation_evaluation_record
2024-06-10,2024,6,Q2,H1_stable,12134,3633,1.0644,0.0504,0.0941,0.9944,True,MAE<=0.10C_and_RMSE<=0.20C,fixed_equation_evaluation_record
2024-06-11,2024,6,Q2,H1_stable,11205,3640,1.0624,0.0562,0.0901,0.9924,True,MAE<=0.10C_and_RMSE<=0.20C,fixed_equation_evaluation_record
2024-06-12,2024,6,Q2,H1_stable,11765,3615,1.0697,0.0521,0.1004,0.9946,True,MAE<=0.10C_and_RMSE<=0.20C,fixed_equation_evaluation_record
2024-06-13,2024,6,Q2,H1_stable,11717,3527,1.0964,0.0485,0.096,0.9932,True,MAE<=0.10C_and_RMSE<=0.20C,fixed_equation_evaluation_record
2024-06-14,2024,6,Q2,H1_stable,10464,3537,1.0933,0.0464,0.0989,0.993,True,MAE<=0.10C_and_RMSE<=0.20C,fixed_equation_evaluation_record
2024-06-15,2024,6,Q2,H1_stable,11426,3566,1.0844,0.0487,0.0962,0.9944,True,MAE<=0.10C_and_RMSE<=0.20C,fixed_equation_evaluation_record
2024-06-16,2024,6,Q2,H1_stable,10809,3600,1.0742,0.0509,0.0786,0.9931,True,MAE<=0.10C_and_RMSE<=0.20C,fixed_equation_evaluation_record
2024-06-17,2024,6,Q2,H1_stable,12276,3632,1.0647,0.058,0.0942,0.9936,True,MAE<=0.10C_and_RMSE<=0.20C,fixed_equation_evaluation_record
2024-06-18,2024,6,Q2,H1_stable,11260,3658,1.0571,0.0553,0.1061,0.9926,True,MAE<=0.10C_and_RMSE<=0.20C,fixed_equation_evaluation_record
2024-06-19,2024,6,Q2,H1_stable,11282,3668,1.0543,0.0577,0.0825,0.9909,True,MAE<=0.10C_and_RMSE<=0.20C,fixed_equation_evaluation_record
2024-06-20,2024,6,Q2,H1_stable,12098,3579,1.0805,0.0525,0.0816,0.9953,True,MAE<=0.10C_and_RMSE<=0.20C,fixed_equation_evaluation_record
2024-06-21,2024,6,Q2,H1_stable,11294,3617,1.0691,0.0504,0.1015,0.9937,True,MAE<=0.10C_and_RMSE<=0.20C,fixed_equation_evaluation_record
2024-06-22,2024,6,Q2,H1_stable,11876,3593,1.0763,0.0443,0.0901,0.9934,True,MAE<=0.10C_and_RMSE<=0.20C,fixed_equation_evaluation_record
2024-06-23,2024,6,Q2,H1_stable,11804,3614,1.07,0.0448,0.0923,0.9937,True,MAE<=0.10C_and_RMSE<=0.20C,fixed_equation_evaluation_record
2024-06-24,2024,6,Q2,H1_stable,11918,3556,1.0875,0.0495,0.1034,0.9921,True,MAE<=0.10C_and_RMSE<=0.20C,fixed_equation_evaluation_record
2024-06-25,2024,6,Q2,H1_stable,11139,3645,1.0609,0.0431,0.0847,0.9944,True,MAE<=0.10C_and_RMSE<=0.20C,fixed_equation_evaluation_record
2024-06-26,2024,6,Q2,H1_stable,11375,3623,1.0673,0.0497,0.0861,0.9929,True,MAE<=0.10C_and_RMSE<=0.20C,fixed_equation_evaluation_record
2024-06-27,2024,6,Q2,H1_stable,12182,3547,1.0902,0.0416,0.0817,0.9936,True,MAE<=0.10C_and_RMSE<=0.20C,fixed_equation_evaluation_record
2024-06-28,2024,6,Q2,H1_stable,11458,3607,1.0721,0.0518,0.0923,0.9917,True,MAE<=0.10C_and_RMSE<=0.20C,fixed_equation_evaluation_record
2024-06-29,2024,6,Q2,H1_stable,11080,3540,1.0924,0.0457,0.0952,0.9946,True,MAE<=0.10C_and_RMSE<=0.20C,fixed_equation_evaluation_record
2024-06-30,2024,6,Q2,H1_stable,11534,3523,1.0976,0.0524,0.083,0.9945,True,MAE<=0.10C_and_RMSE<=0.20C,fixed_equation_evaluation_record
2024-07-01,2024,7,Q3,Jul_Oct_low_error,11180,3556,1.0875,0.0497,0.0904,0.9928,True,MAE<=0.10C_and_RMSE<=0.20C,fixed_equation_evaluation_record
2024-07-02,2024,7,Q3,Jul_Oct_low_error,12050,3520,1.0986,0.0475,0.0883,0.9948,True,MAE<=0.10C_and_RMSE<=0.20C,fixed_equation_evaluation_record
2024-07-03,2024,7,Q3,Jul_Oct_low_error,12292,3553,1.0884,0.0496,0.0929,0.9919,True,MAE<=0.10C_and_RMSE<=0.20C,fixed_equation_evaluation_record
2024-07-04,2024,7,Q3,Jul_Oct_low_error,11926,3542,1.0918,0.0478,0.0948,0.994,True,MAE<=0.10C_and_RMSE<=0.20C,fixed_equation_evaluation_record
2024-07-05,2024,7,Q3,Jul_Oct_low_error,11046,3524,1.0973,0.0537,0.0851,0.9923,True,MAE<=0.10C_and_RMSE<=0.20C,fixed_equation_evaluation_record
2024-07-06,2024,7,Q3,Jul_Oct_low_error,12383,3538,1.093,0.049,0.0994,0.9926,True,MAE<=0.10C_and_RMSE<=0.20C,fixed_equation_evaluation_record
2024-07-07,2024,7,Q3,Jul_Oct_low_error,12561,3487,1.109,0.0476,0.0907,0.9932,True,MAE<=0.10C_and_RMSE<=0.20C,fixed_equation_evaluation_record
2024-07-08,2024,7,Q3,Jul_Oct_low_error,12188,3521,1.0983,0.0593,0.0965,0.9922,True,MAE<=0.10C_and_RMSE<=0.20C,fixed_equation_evaluation_record
2024-07-09,2024,7,Q3,Jul_Oct_low_error,11615,3597,1.0751,0.0587,0.1015,0.9933,True,MAE<=0.10C_and_RMSE<=0.20C,fixed_equation_evaluation_record
2024-07-10,2024,7,Q3,Jul_Oct_low_error,13063,3528,1.0961,0.0529,0.1059,0.9922,True,MAE<=0.10C_and_RMSE<=0.20C,fixed_equation_evaluation_record
2024-07-11,2024,7,Q3,Jul_Oct_low_error,12213,3586,1.0784,0.0525,0.094,0.9929,True,MAE<=0.10C_and_RMSE<=0.20C,fixed_equation_evaluation_record
2024-07-12,2024,7,Q3,Jul_Oct_low_error,12604,3438,1.1248,0.0523,0.0884,0.9924,True,MAE<=0.10C_and_RMSE<=0.20C,fixed_equation_evaluation_record
2024-07-13,2024,7,Q3,Jul_Oct_low_error,11703,3582,1.0796,0.0631,0.1072,0.9925,True,MAE<=0.10C_and_RMSE<=0.20C,fixed_equation_evaluation_record
2024-07-14,2024,7,Q3,Jul_Oct_low_error,12082,3525,1.097,0.0548,0.1011,0.9941,True,MAE<=0.10C_and_RMSE<=0.20C,fixed_equation_evaluation_record
2024-07-15,2024,7,Q3,Jul_Oct_low_error,12605,3566,1.0844,0.0632,0.1072,0.9934,True,MAE<=0.10C_and_RMSE<=0.20C,fixed_equation_evaluation_record
2024-07-16,2024,7,Q3,Jul_Oct_low_error,10982,3574,1.082,0.0579,0.1114,0.9913,True,MAE<=0.10C_and_RMSE<=0.20C,fixed_equation_evaluation_record
2024-07-17,2024,7,Q3,Jul_Oct_low_error,12157,3588,1.0778,0.0542,0.0929,0.9928,True,MAE<=0.10C_and_RMSE<=0.20C,fixed_equation_evaluation_record
2024-07-18,2024,7,Q3,Jul_Oct_low_error,12275,3568,1.0838,0.0523,0.0876,0.9922,True,MAE<=0.10C_and_RMSE<=0.20C,fixed_equation_evaluation_record
2024-07-19,2024,7,Q3,Jul_Oct_low_error,11820,3591,1.0769,0.0502,0.0861,0.9914,True,MAE<=0.10C_and_RMSE<=0.20C,fixed_equation_evaluation_record
2024-07-20,2024,7,Q3,Jul_Oct_low_error,11612,3534,1.0942,0.0505,0.0939,0.9935,True,MAE<=0.10C_and_RMSE<=0.20C,fixed_equation_evaluation_record
2024-07-21,2024,7,Q3,Jul_Oct_low_error,12409,3594,1.076,0.0489,0.0767,0.9949,True,MAE<=0.10C_and_RMSE<=0.20C,fixed_equation_evaluation_record
2024-07-22,2024,7,Q3,Jul_Oct_low_error,12128,3516,1.0998,0.0397,0.0867,0.9955,True,MAE<=0.10C_and_RMSE<=0.20C,fixed_equation_evaluation_record
2024-07-23,2024,7,Q3,Jul_Oct_low_error,11515,3502,1.1042,0.0456,0.1028,0.9946,True,MAE<=0.10C_and_RMSE<=0.20C,fixed_equation_evaluation_record
2024-07-24,2024,7,Q3,Jul_Oct_low_error,11632,3458,1.1183,0.0531,0.1087,0.9922,True,MAE<=0.10C_and_RMSE<=0.20C,fixed_equation_evaluation_record
2024-07-25,2024,7,Q3,Jul_Oct_low_error,11024,3618,1.0688,0.0489,0.101,0.9922,True,MAE<=0.10C_and_RMSE<=0.20C,fixed_equation_evaluation_record
2024-07-26,2024,7,Q3,Jul_Oct_low_error,10994,3570,1.0832,0.05,0.0919,0.994,True,MAE<=0.10C_and_RMSE<=0.20C,fixed_equation_evaluation_record
2024-07-27,2024,7,Q3,Jul_Oct_low_error,11548,3465,1.116,0.0525,0.1054,0.9922,True,MAE<=0.10C_and_RMSE<=0.20C,fixed_equation_evaluation_record
2024-07-28,2024,7,Q3,Jul_Oct_low_error,12640,3478,1.1118,0.0521,0.0878,0.9924,True,MAE<=0.10C_and_RMSE<=0.20C,fixed_equation_evaluation_record
2024-07-29,2024,7,Q3,Jul_Oct_low_error,12248,3579,1.0805,0.0515,0.1027,0.9943,True,MAE<=0.10C_and_RMSE<=0.20C,fixed_equation_evaluation_record
2024-07-30,2024,7,Q3,Jul_Oct_low_error,12014,3549,1.0896,0.0528,0.1059,0.9928,True,MAE<=0.10C_and_RMSE<=0.20C,fixed_equation_evaluation_record
2024-07-31,2024,7,Q3,Jul_Oct_low_error,11309,3478,1.1118,0.0499,0.0929,0.9921,True,MAE<=0.10C_and_RMSE<=0.20C,fixed_equation_evaluation_record
2024-08-01,2024,8,Q3,Jul_Oct_low_error,11460,3514,1.1005,0.0518,0.1028,0.9933,True,MAE<=0.10C_and_RMSE<=0.20C,fixed_equation_evaluation_record
2024-08-02,2024,8,Q3,Jul_Oct_low_error,10818,3639,1.0627,0.0579,0.0972,0.9924,True,MAE<=0.10C_and_RMSE<=0.20C,fixed_equation_evaluation_record
2024-08-03,2024,8,Q3,Jul_Oct_low_error,11095,3581,1.0799,0.0481,0.0881,0.9924,True,MAE<=0.10C_and_RMSE<=0.20C,fixed_equation_evaluation_record
2024-08-04,2024,8,Q3,Jul_Oct_low_error,11099,3509,1.102,0.0567,0.0973,0.9917,True,MAE<=0.10C_and_RMSE<=0.20C,fixed_equation_evaluation_record
2024-08-05,2024,8,Q3,Jul_Oct_low_error,10706,3580,1.0802,0.0554,0.1022,0.9933,True,MAE<=0.10C_and_RMSE<=0.20C,fixed_equation_evaluation_record
2024-08-06,2024,8,Q3,Jul_Oct_low_error,10608,3488,1.1087,0.0546,0.1042,0.994,True,MAE<=0.10C_and_RMSE<=0.20C,fixed_equation_evaluation_record
2024-08-07,2024,8,Q3,Jul_Oct_low_error,10605,3485,1.1096,0.0492,0.1023,0.9943,True,MAE<=0.10C_and_RMSE<=0.20C,fixed_equation_evaluation_record
2024-08-08,2024,8,Q3,Jul_Oct_low_error,10837,3597,1.0751,0.0542,0.1012,0.9937,True,MAE<=0.10C_and_RMSE<=0.20C,fixed_equation_evaluation_record
2024-08-09,2024,8,Q3,Jul_Oct_low_error,10800,3596,1.0754,0.0582,0.1106,0.9935,True,MAE<=0.10C_and_RMSE<=0.20C,fixed_equation_evaluation_record
2024-08-10,2024,8,Q3,Jul_Oct_low_error,9511,3560,1.0862,0.053,0.1027,0.9928,True,MAE<=0.10C_and_RMSE<=0.20C,fixed_equation_evaluation_record
2024-08-11,2024,8,Q3,Jul_Oct_low_error,9412,3560,1.0862,0.0542,0.097,0.994,True,MAE<=0.10C_and_RMSE<=0.20C,fixed_equation_evaluation_record
2024-08-12,2024,8,Q3,Jul_Oct_low_error,10365,3547,1.0902,0.0608,0.099,0.9919,True,MAE<=0.10C_and_RMSE<=0.20C,fixed_equation_evaluation_record
2024-08-13,2024,8,Q3,Jul_Oct_low_error,11456,3515,1.1001,0.0642,0.1127,0.9911,True,MAE<=0.10C_and_RMSE<=0.20C,fixed_equation_evaluation_record
2024-08-14,2024,8,Q3,Jul_Oct_low_error,10584,3538,1.093,0.0609,0.1125,0.9921,True,MAE<=0.10C_and_RMSE<=0.20C,fixed_equation_evaluation_record
2024-08-15,2024,8,Q3,Jul_Oct_low_error,9488,3562,1.0856,0.0576,0.1042,0.9931,True,MAE<=0.10C_and_RMSE<=0.20C,fixed_equation_evaluation_record
2024-08-16,2024,8,Q3,Jul_Oct_low_error,9537,3561,1.0859,0.0587,0.0986,0.9923,True,MAE<=0.10C_and_RMSE<=0.20C,fixed_equation_evaluation_record
2024-08-17,2024,8,Q3,Jul_Oct_low_error,11512,3514,1.1005,0.0545,0.1072,0.992,True,MAE<=0.10C_and_RMSE<=0.20C,fixed_equation_evaluation_record
2024-08-18,2024,8,Q3,Jul_Oct_low_error,10054,3553,1.0884,0.0516,0.1056,0.9929,True,MAE<=0.10C_and_RMSE<=0.20C,fixed_equation_evaluation_record
2024-08-19,2024,8,Q3,Jul_Oct_low_error,10007,3520,1.0986,0.0465,0.0964,0.9945,True,MAE<=0.10C_and_RMSE<=0.20C,fixed_equation_evaluation_record
2024-08-20,2024,8,Q3,Jul_Oct_low_error,9519,3561,1.0859,0.0464,0.0895,0.9934,True,MAE<=0.10C_and_RMSE<=0.20C,fixed_equation_evaluation_record
2024-08-21,2024,8,Q3,Jul_Oct_low_error,10366,3528,1.0961,0.0463,0.0934,0.9935,True,MAE<=0.10C_and_RMSE<=0.20C,fixed_equation_evaluation_record
2024-08-22,2024,8,Q3,Jul_Oct_low_error,10453,3500,1.1049,0.058,0.0916,0.9919,True,MAE<=0.10C_and_RMSE<=0.20C,fixed_equation_evaluation_record
2024-08-23,2024,8,Q3,Jul_Oct_low_error,10208,3559,1.0865,0.062,0.0992,0.9929,True,MAE<=0.10C_and_RMSE<=0.20C,fixed_equation_evaluation_record
2024-08-24,2024,8,Q3,Jul_Oct_low_error,10435,3560,1.0862,0.0613,0.105,0.9914,True,MAE<=0.10C_and_RMSE<=0.20C,fixed_equation_evaluation_record
2024-08-25,2024,8,Q3,Jul_Oct_low_error,11420,3537,1.0933,0.057,0.1044,0.992,True,MAE<=0.10C_and_RMSE<=0.20C,fixed_equation_evaluation_record
2024-08-26,2024,8,Q3,Jul_Oct_low_error,11080,3510,1.1017,0.0536,0.0905,0.9938,True,MAE<=0.10C_and_RMSE<=0.20C,fixed_equation_evaluation_record
2024-08-27,2024,8,Q3,Jul_Oct_low_error,11344,3534,1.0942,0.0486,0.1004,0.9936,True,MAE<=0.10C_and_RMSE<=0.20C,fixed_equation_evaluation_record
2024-08-28,2024,8,Q3,Jul_Oct_low_error,10208,3537,1.0933,0.049,0.0861,0.9946,True,MAE<=0.10C_and_RMSE<=0.20C,fixed_equation_evaluation_record
2024-08-29,2024,8,Q3,Jul_Oct_low_error,10888,3478,1.1118,0.042,0.0932,0.9942,True,MAE<=0.10C_and_RMSE<=0.20C,fixed_equation_evaluation_record
2024-08-30,2024,8,Q3,Jul_Oct_low_error,11496,3530,1.0955,0.0517,0.0924,0.9931,True,MAE<=0.10C_and_RMSE<=0.20C,fixed_equation_evaluation_record
2024-08-31,2024,8,Q3,Jul_Oct_low_error,11604,3583,1.0793,0.0503,0.0812,0.9927,True,MAE<=0.10C_and_RMSE<=0.20C,fixed_equation_evaluation_record
2024-09-01,2024,9,Q3,Jul_Oct_low_error,11722,3554,1.0881,0.0549,0.1091,0.9929,True,MAE<=0.10C_and_RMSE<=0.20C,fixed_equation_evaluation_record
2024-09-02,2024,9,Q3,Jul_Oct_low_error,11662,3553,1.0884,0.0517,0.0914,0.9925,True,MAE<=0.10C_and_RMSE<=0.20C,fixed_equation_evaluation_record
2024-09-03,2024,9,Q3,Jul_Oct_low_error,11783,3492,1.1074,0.0538,0.0952,0.9924,True,MAE<=0.10C_and_RMSE<=0.20C,fixed_equation_evaluation_record
2024-09-04,2024,9,Q3,Jul_Oct_low_error,11149,3490,1.108,0.0537,0.0959,0.9927,True,MAE<=0.10C_and_RMSE<=0.20C,fixed_equation_evaluation_record
2024-09-05,2024,9,Q3,Jul_Oct_low_error,11184,3560,1.0862,0.0561,0.1013,0.9938,True,MAE<=0.10C_and_RMSE<=0.20C,fixed_equation_evaluation_record
2024-09-06,2024,9,Q3,Jul_Oct_low_error,11721,3540,1.0924,0.0385,0.1038,0.9946,True,MAE<=0.10C_and_RMSE<=0.20C,fixed_equation_evaluation_record
2024-09-07,2024,9,Q3,Jul_Oct_low_error,11570,3480,1.1112,0.0427,0.0906,0.994,True,MAE<=0.10C_and_RMSE<=0.20C,fixed_equation_evaluation_record
2024-09-08,2024,9,Q3,Jul_Oct_low_error,11516,3531,1.0952,0.0436,0.0848,0.9944,True,MAE<=0.10C_and_RMSE<=0.20C,fixed_equation_evaluation_record
2024-09-09,2024,9,Q3,Jul_Oct_low_error,11146,3560,1.0862,0.0502,0.0908,0.9931,True,MAE<=0.10C_and_RMSE<=0.20C,fixed_equation_evaluation_record
2024-09-10,2024,9,Q3,Jul_Oct_low_error,11670,3517,1.0995,0.0498,0.103,0.9931,True,MAE<=0.10C_and_RMSE<=0.20C,fixed_equation_evaluation_record
2024-09-11,2024,9,Q3,Jul_Oct_low_error,11748,3561,1.0859,0.0495,0.0901,0.9929,True,MAE<=0.10C_and_RMSE<=0.20C,fixed_equation_evaluation_record
2024-09-12,2024,9,Q3,Jul_Oct_low_error,12037,3584,1.079,0.0472,0.1025,0.9933,True,MAE<=0.10C_and_RMSE<=0.20C,fixed_equation_evaluation_record
2024-09-13,2024,9,Q3,Jul_Oct_low_error,11157,3598,1.0748,0.0521,0.0941,0.9925,True,MAE<=0.10C_and_RMSE<=0.20C,fixed_equation_evaluation_record
2024-09-14,2024,9,Q3,Jul_Oct_low_error,11403,3527,1.0964,0.0524,0.0895,0.9934,True,MAE<=0.10C_and_RMSE<=0.20C,fixed_equation_evaluation_record
2024-09-15,2024,9,Q3,Jul_Oct_low_error,10545,3545,1.0908,0.0522,0.0912,0.9932,True,MAE<=0.10C_and_RMSE<=0.20C,fixed_equation_evaluation_record
2024-09-16,2024,9,Q3,Jul_Oct_low_error,11667,3519,1.0989,0.0577,0.09,0.9923,True,MAE<=0.10C_and_RMSE<=0.20C,fixed_equation_evaluation_record
2024-09-17,2024,9,Q3,Jul_Oct_low_error,11378,3451,1.1205,0.0486,0.0803,0.9935,True,MAE<=0.10C_and_RMSE<=0.20C,fixed_equation_evaluation_record
2024-09-18,2024,9,Q3,Jul_Oct_low_error,10904,3570,1.0832,0.0521,0.087,0.9917,True,MAE<=0.10C_and_RMSE<=0.20C,fixed_equation_evaluation_record
2024-09-19,2024,9,Q3,Jul_Oct_low_error,11945,3578,1.0808,0.0541,0.1097,0.9927,True,MAE<=0.10C_and_RMSE<=0.20C,fixed_equation_evaluation_record
2024-09-20,2024,9,Q3,Jul_Oct_low_error,11544,3489,1.1083,0.0552,0.0914,0.9915,True,MAE<=0.10C_and_RMSE<=0.20C,fixed_equation_evaluation_record
2024-09-21,2024,9,Q3,Jul_Oct_low_error,11671,3501,1.1045,0.0494,0.0994,0.9931,True,MAE<=0.10C_and_RMSE<=0.20C,fixed_equation_evaluation_record
2024-09-22,2024,9,Q3,Jul_Oct_low_error,11320,3564,1.085,0.0614,0.0958,0.9915,True,MAE<=0.10C_and_RMSE<=0.20C,fixed_equation_evaluation_record
2024-09-23,2024,9,Q3,Jul_Oct_low_error,11101,3444,1.1228,0.0595,0.092,0.9912,True,MAE<=0.10C_and_RMSE<=0.20C,fixed_equation_evaluation_record
2024-09-24,2024,9,Q3,Jul_Oct_low_error,12007,3471,1.1141,0.0531,0.1086,0.9941,True,MAE<=0.10C_and_RMSE<=0.20C,fixed_equation_evaluation_record
2024-09-25,2024,9,Q3,Jul_Oct_low_error,11670,3492,1.1074,0.0581,0.1,0.9916,True,MAE<=0.10C_and_RMSE<=0.20C,fixed_equation_evaluation_record
2024-09-26,2024,9,Q3,Jul_Oct_low_error,11592,3479,1.1115,0.0538,0.104,0.994,True,MAE<=0.10C_and_RMSE<=0.20C,fixed_equation_evaluation_record
2024-09-27,2024,9,Q3,Jul_Oct_low_error,11307,3479,1.1115,0.0565,0.1084,0.9915,True,MAE<=0.10C_and_RMSE<=0.20C,fixed_equation_evaluation_record
2024-09-28,2024,9,Q3,Jul_Oct_low_error,10671,3640,1.0624,0.0598,0.1041,0.9924,True,MAE<=0.10C_and_RMSE<=0.20C,fixed_equation_evaluation_record
2024-09-29,2024,9,Q3,Jul_Oct_low_error,10465,3481,1.1109,0.059,0.1043,0.9922,True,MAE<=0.10C_and_RMSE<=0.20C,fixed_equation_evaluation_record
2024-09-30,2024,9,Q3,Jul_Oct_low_error,10840,3512,1.1011,0.0656,0.1005,0.9917,True,MAE<=0.10C_and_RMSE<=0.20C,fixed_equation_evaluation_record
2024-10-01,2024,10,Q4,Jul_Oct_low_error,11107,3645,1.0609,0.0504,0.0935,0.9921,True,MAE<=0.10C_and_RMSE<=0.20C,fixed_equation_evaluation_record
2024-10-02,2024,10,Q4,Jul_Oct_low_error,11113,3592,1.0766,0.0579,0.0842,0.9917,True,MAE<=0.10C_and_RMSE<=0.20C,fixed_equation_evaluation_record
2024-10-03,2024,10,Q4,Jul_Oct_low_error,11372,3618,1.0688,0.0467,0.1019,0.9929,True,MAE<=0.10C_and_RMSE<=0.20C,fixed_equation_evaluation_record
2024-10-04,2024,10,Q4,Jul_Oct_low_error,11544,3614,1.07,0.0528,0.098,0.9955,True,MAE<=0.10C_and_RMSE<=0.20C,fixed_equation_evaluation_record
2024-10-05,2024,10,Q4,Jul_Oct_low_error,10548,3596,1.0754,0.0589,0.1038,0.9927,True,MAE<=0.10C_and_RMSE<=0.20C,fixed_equation_evaluation_record
2024-10-06,2024,10,Q4,Jul_Oct_low_error,11320,3655,1.058,0.0656,0.1123,0.9914,True,MAE<=0.10C_and_RMSE<=0.20C,fixed_equation_evaluation_record
2024-10-07,2024,10,Q4,Jul_Oct_low_error,10644,3630,1.0653,0.0622,0.0925,0.9939,True,MAE<=0.10C_and_RMSE<=0.20C,fixed_equation_evaluation_record
2024-10-08,2024,10,Q4,Jul_Oct_low_error,11907,3740,1.034,0.0552,0.084,0.993,True,MAE<=0.10C_and_RMSE<=0.20C,fixed_equation_evaluation_record
2024-10-09,2024,10,Q4,Jul_Oct_low_error,11530,3645,1.0609,0.0496,0.0933,0.9942,True,MAE<=0.10C_and_RMSE<=0.20C,fixed_equation_evaluation_record
2024-10-10,2024,10,Q4,Jul_Oct_low_error,11201,3628,1.0659,0.0576,0.0989,0.9927,True,MAE<=0.10C_and_RMSE<=0.20C,fixed_equation_evaluation_record
2024-10-11,2024,10,Q4,Jul_Oct_low_error,11614,3618,1.0688,0.068,0.1202,0.9922,True,MAE<=0.10C_and_RMSE<=0.20C,fixed_equation_evaluation_record
2024-10-12,2024,10,Q4,Jul_Oct_low_error,12224,3600,1.0742,0.0637,0.1091,0.9913,True,MAE<=0.10C_and_RMSE<=0.20C,fixed_equation_evaluation_record
2024-10-13,2024,10,Q4,Jul_Oct_low_error,11130,3587,1.0781,0.0569,0.0928,0.9925,True,MAE<=0.10C_and_RMSE<=0.20C,fixed_equation_evaluation_record
2024-10-14,2024,10,Q4,Jul_Oct_low_error,10777,3645,1.0609,0.0608,0.1033,0.991,True,MAE<=0.10C_and_RMSE<=0.20C,fixed_equation_evaluation_record
2024-10-15,2024,10,Q4,Jul_Oct_low_error,10683,3662,1.056,0.0651,0.1032,0.99,True,MAE<=0.10C_and_RMSE<=0.20C,fixed_equation_evaluation_record
2024-10-16,2024,10,Q4,Jul_Oct_low_error,11885,3549,1.0896,0.0594,0.0923,0.9935,True,MAE<=0.10C_and_RMSE<=0.20C,fixed_equation_evaluation_record
2024-10-17,2024,10,Q4,Jul_Oct_low_error,11677,3625,1.0668,0.0534,0.099,0.992,True,MAE<=0.10C_and_RMSE<=0.20C,fixed_equation_evaluation_record
2024-10-18,2024,10,Q4,Jul_Oct_low_error,11247,3632,1.0647,0.0404,0.0898,0.994,True,MAE<=0.10C_and_RMSE<=0.20C,fixed_equation_evaluation_record
2024-10-19,2024,10,Q4,Jul_Oct_low_error,10800,3532,1.0948,0.0381,0.0902,0.995,True,MAE<=0.10C_and_RMSE<=0.20C,fixed_equation_evaluation_record
2024-10-20,2024,10,Q4,Jul_Oct_low_error,11284,3677,1.0517,0.0414,0.0918,0.994,True,MAE<=0.10C_and_RMSE<=0.20C,fixed_equation_evaluation_record
2024-10-21,2024,10,Q4,Jul_Oct_low_error,11635,3679,1.0511,0.0395,0.0809,0.9935,True,MAE<=0.10C_and_RMSE<=0.20C,fixed_equation_evaluation_record
2024-10-22,2024,10,Q4,Jul_Oct_low_error,11360,3661,1.0563,0.046,0.0859,0.9944,True,MAE<=0.10C_and_RMSE<=0.20C,fixed_equation_evaluation_record
2024-10-23,2024,10,Q4,Jul_Oct_low_error,10716,3692,1.0474,0.0441,0.0935,0.9945,True,MAE<=0.10C_and_RMSE<=0.20C,fixed_equation_evaluation_record
2024-10-24,2024,10,Q4,Jul_Oct_low_error,10938,3701,1.0449,0.0333,0.0811,0.9951,True,MAE<=0.10C_and_RMSE<=0.20C,fixed_equation_evaluation_record
2024-10-25,2024,10,Q4,Jul_Oct_low_error,11790,3740,1.034,0.0325,0.0781,0.9938,True,MAE<=0.10C_and_RMSE<=0.20C,fixed_equation_evaluation_record
2024-10-26,2024,10,Q4,Jul_Oct_low_error,10831,3675,1.0522,0.045,0.0949,0.9933,True,MAE<=0.10C_and_RMSE<=0.20C,fixed_equation_evaluation_record
2024-10-27,2024,10,Q4,Jul_Oct_low_error,10580,3635,1.0638,0.0429,0.086,0.9943,True,MAE<=0.10C_and_RMSE<=0.20C,fixed_equation_evaluation_record
2024-10-28,2024,10,Q4,Jul_Oct_low_error,11159,3617,1.0691,0.0451,0.0946,0.9929,True,MAE<=0.10C_and_RMSE<=0.20C,fixed_equation_evaluation_record
2024-10-29,2024,10,Q4,Jul_Oct_low_error,11672,3727,1.0376,0.0472,0.096,0.9932,True,MAE<=0.10C_and_RMSE<=0.20C,fixed_equation_evaluation_record
2024-10-30,2024,10,Q4,Jul_Oct_low_error,10722,3613,1.0703,0.0538,0.0898,0.9925,True,MAE<=0.10C_and_RMSE<=0.20C,fixed_equation_evaluation_record
2024-10-31,2024,10,Q4,Jul_Oct_low_error,10524,3660,1.0566,0.0468,0.0772,0.9946,True,MAE<=0.10C_and_RMSE<=0.20C,fixed_equation_evaluation_record
2024-11-01,2024,11,Q4,Nov_Dec_stable,10620,3649,1.0597,0.0452,0.0823,0.994,True,MAE<=0.10C_and_RMSE<=0.20C,fixed_equation_evaluation_record
2024-11-02,2024,11,Q4,Nov_Dec_stable,11372,3699,1.0454,0.0501,0.0852,0.9918,True,MAE<=0.10C_and_RMSE<=0.20C,fixed_equation_evaluation_record
2024-11-03,2024,11,Q4,Nov_Dec_stable,11235,3640,1.0624,0.0437,0.0932,0.9948,True,MAE<=0.10C_and_RMSE<=0.20C,fixed_equation_evaluation_record
2024-11-04,2024,11,Q4,Nov_Dec_stable,12026,3622,1.0676,0.0459,0.0969,0.9946,True,MAE<=0.10C_and_RMSE<=0.20C,fixed_equation_evaluation_record
2024-11-05,2024,11,Q4,Nov_Dec_stable,11009,3667,1.0545,0.0499,0.0975,0.9928,True,MAE<=0.10C_and_RMSE<=0.20C,fixed_equation_evaluation_record
2024-11-06,2024,11,Q4,Nov_Dec_stable,10592,3669,1.054,0.0468,0.0851,0.9931,True,MAE<=0.10C_and_RMSE<=0.20C,fixed_equation_evaluation_record
2024-11-07,2024,11,Q4,Nov_Dec_stable,10912,3670,1.0537,0.0466,0.0769,0.9935,True,MAE<=0.10C_and_RMSE<=0.20C,fixed_equation_evaluation_record
2024-11-08,2024,11,Q4,Nov_Dec_stable,10822,3705,1.0437,0.0424,0.0819,0.996,True,MAE<=0.10C_and_RMSE<=0.20C,fixed_equation_evaluation_record
2024-11-09,2024,11,Q4,Nov_Dec_stable,10762,3615,1.0697,0.0492,0.0841,0.9933,True,MAE<=0.10C_and_RMSE<=0.20C,fixed_equation_evaluation_record
2024-11-10,2024,11,Q4,Nov_Dec_stable,10290,3642,1.0618,0.0425,0.0774,0.9964,True,MAE<=0.10C_and_RMSE<=0.20C,fixed_equation_evaluation_record
2024-11-11,2024,11,Q4,Nov_Dec_stable,11142,3645,1.0609,0.045,0.0794,0.9927,True,MAE<=0.10C_and_RMSE<=0.20C,fixed_equation_evaluation_record
2024-11-12,2024,11,Q4,Nov_Dec_stable,11667,3703,1.0443,0.0479,0.0833,0.9937,True,MAE<=0.10C_and_RMSE<=0.20C,fixed_equation_evaluation_record
2024-11-13,2024,11,Q4,Nov_Dec_stable,11284,3669,1.054,0.0502,0.0997,0.9935,True,MAE<=0.10C_and_RMSE<=0.20C,fixed_equation_evaluation_record
2024-11-14,2024,11,Q4,Nov_Dec_stable,10574,3663,1.0557,0.0482,0.0829,0.9934,True,MAE<=0.10C_and_RMSE<=0.20C,fixed_equation_evaluation_record
2024-11-15,2024,11,Q4,Nov_Dec_stable,12115,3690,1.048,0.0441,0.0901,0.9957,True,MAE<=0.10C_and_RMSE<=0.20C,fixed_equation_evaluation_record
2024-11-16,2024,11,Q4,Nov_Dec_stable,12173,3692,1.0474,0.0454,0.0746,0.9945,True,MAE<=0.10C_and_RMSE<=0.20C,fixed_equation_evaluation_record
2024-11-17,2024,11,Q4,Nov_Dec_stable,10937,3687,1.0488,0.0432,0.0787,0.993,True,MAE<=0.10C_and_RMSE<=0.20C,fixed_equation_evaluation_record
2024-11-18,2024,11,Q4,Nov_Dec_stable,11819,3599,1.0745,0.045,0.0953,0.9954,True,MAE<=0.10C_and_RMSE<=0.20C,fixed_equation_evaluation_record
2024-11-19,2024,11,Q4,Nov_Dec_stable,10858,3667,1.0545,0.0459,0.0756,0.9937,True,MAE<=0.10C_and_RMSE<=0.20C,fixed_equation_evaluation_record
2024-11-20,2024,11,Q4,Nov_Dec_stable,10998,3685,1.0494,0.0365,0.0789,0.9939,True,MAE<=0.10C_and_RMSE<=0.20C,fixed_equation_evaluation_record
2024-11-21,2024,11,Q4,Nov_Dec_stable,11899,3654,1.0583,0.0439,0.0947,0.9959,True,MAE<=0.10C_and_RMSE<=0.20C,fixed_equation_evaluation_record
2024-11-22,2024,11,Q4,Nov_Dec_stable,10653,3665,1.0551,0.048,0.0837,0.9932,True,MAE<=0.10C_and_RMSE<=0.20C,fixed_equation_evaluation_record
2024-11-23,2024,11,Q4,Nov_Dec_stable,10875,3740,1.034,0.0387,0.0878,0.9933,True,MAE<=0.10C_and_RMSE<=0.20C,fixed_equation_evaluation_record
2024-11-24,2024,11,Q4,Nov_Dec_stable,11412,3679,1.0511,0.0445,0.0878,0.9944,True,MAE<=0.10C_and_RMSE<=0.20C,fixed_equation_evaluation_record
2024-11-25,2024,11,Q4,Nov_Dec_stable,11133,3690,1.048,0.0398,0.0856,0.9952,True,MAE<=0.10C_and_RMSE<=0.20C,fixed_equation_evaluation_record
2024-11-26,2024,11,Q4,Nov_Dec_stable,10373,3686,1.0491,0.0433,0.0815,0.993,True,MAE<=0.10C_and_RMSE<=0.20C,fixed_equation_evaluation_record
2024-11-27,2024,11,Q4,Nov_Dec_stable,11093,3701,1.0449,0.0432,0.0821,0.9945,True,MAE<=0.10C_and_RMSE<=0.20C,fixed_equation_evaluation_record
2024-11-28,2024,11,Q4,Nov_Dec_stable,11561,3740,1.034,0.0421,0.0805,0.9941,True,MAE<=0.10C_and_RMSE<=0.20C,fixed_equation_evaluation_record
2024-11-29,2024,11,Q4,Nov_Dec_stable,11673,3620,1.0682,0.0428,0.0747,0.9941,True,MAE<=0.10C_and_RMSE<=0.20C,fixed_equation_evaluation_record
2024-11-30,2024,11,Q4,Nov_Dec_stable,11286,3671,1.0534,0.0499,0.0897,0.9923,True,MAE<=0.10C_and_RMSE<=0.20C,fixed_equation_evaluation_record
2024-12-01,2024,12,Q4,Nov_Dec_stable,12217,3736,1.0351,0.044,0.0727,0.9931,True,MAE<=0.10C_and_RMSE<=0.20C,fixed_equation_evaluation_record
2024-12-02,2024,12,Q4,Nov_Dec_stable,12055,3688,1.0485,0.0443,0.0899,0.9953,True,MAE<=0.10C_and_RMSE<=0.20C,fixed_equation_evaluation_record
2024-12-03,2024,12,Q4,Nov_Dec_stable,11706,3644,1.0612,0.0478,0.0928,0.9954,True,MAE<=0.10C_and_RMSE<=0.20C,fixed_equation_evaluation_record
2024-12-04,2024,12,Q4,Nov_Dec_stable,11389,3724,1.0384,0.0482,0.0836,0.9934,True,MAE<=0.10C_and_RMSE<=0.20C,fixed_equation_evaluation_record
2024-12-05,2024,12,Q4,Nov_Dec_stable,10866,3647,1.0603,0.0473,0.0891,0.9941,True,MAE<=0.10C_and_RMSE<=0.20C,fixed_equation_evaluation_record
2024-12-06,2024,12,Q4,Nov_Dec_stable,11825,3707,1.0432,0.0478,0.0943,0.9938,True,MAE<=0.10C_and_RMSE<=0.20C,fixed_equation_evaluation_record
2024-12-07,2024,12,Q4,Nov_Dec_stable,11141,3675,1.0522,0.0368,0.0638,0.9953,True,MAE<=0.10C_and_RMSE<=0.20C,fixed_equation_evaluation_record
2024-12-08,2024,12,Q4,Nov_Dec_stable,11271,3642,1.0618,0.0424,0.0756,0.9936,True,MAE<=0.10C_and_RMSE<=0.20C,fixed_equation_evaluation_record
2024-12-09,2024,12,Q4,Nov_Dec_stable,11135,3740,1.034,0.0366,0.086,0.9968,True,MAE<=0.10C_and_RMSE<=0.20C,fixed_equation_evaluation_record
2024-12-10,2024,12,Q4,Nov_Dec_stable,10861,3643,1.0615,0.0387,0.0752,0.9952,True,MAE<=0.10C_and_RMSE<=0.20C,fixed_equation_evaluation_record
2024-12-11,2024,12,Q4,Nov_Dec_stable,11424,3700,1.0451,0.0378,0.0817,0.995,True,MAE<=0.10C_and_RMSE<=0.20C,fixed_equation_evaluation_record
2024-12-12,2024,12,Q4,Nov_Dec_stable,11343,3738,1.0345,0.0438,0.0841,0.9931,True,MAE<=0.10C_and_RMSE<=0.20C,fixed_equation_evaluation_record
2024-12-13,2024,12,Q4,Nov_Dec_stable,10950,3698,1.0457,0.0384,0.0778,0.9956,True,MAE<=0.10C_and_RMSE<=0.20C,fixed_equation_evaluation_record
2024-12-14,2024,12,Q4,Nov_Dec_stable,10106,3736,1.0351,0.0403,0.0645,0.9946,True,MAE<=0.10C_and_RMSE<=0.20C,fixed_equation_evaluation_record
2024-12-15,2024,12,Q4,Nov_Dec_stable,10575,3718,1.0401,0.0472,0.0751,0.9943,True,MAE<=0.10C_and_RMSE<=0.20C,fixed_equation_evaluation_record
2024-12-16,2024,12,Q4,Nov_Dec_stable,11597,3687,1.0488,0.0471,0.0906,0.9938,True,MAE<=0.10C_and_RMSE<=0.20C,fixed_equation_evaluation_record
2024-12-17,2024,12,Q4,Nov_Dec_stable,12334,3723,1.0387,0.0431,0.0766,0.9951,True,MAE<=0.10C_and_RMSE<=0.20C,fixed_equation_evaluation_record
2024-12-18,2024,12,Q4,Nov_Dec_stable,10264,3679,1.0511,0.0471,0.0861,0.9948,True,MAE<=0.10C_and_RMSE<=0.20C,fixed_equation_evaluation_record
2024-12-19,2024,12,Q4,Nov_Dec_stable,11208,3675,1.0522,0.0451,0.0789,0.9946,True,MAE<=0.10C_and_RMSE<=0.20C,fixed_equation_evaluation_record
2024-12-20,2024,12,Q4,Nov_Dec_stable,11689,3740,1.034,0.0458,0.0919,0.9939,True,MAE<=0.10C_and_RMSE<=0.20C,fixed_equation_evaluation_record
2024-12-21,2024,12,Q4,Nov_Dec_stable,11088,3740,1.034,0.0482,0.0702,0.9954,True,MAE<=0.10C_and_RMSE<=0.20C,fixed_equation_evaluation_record
2024-12-22,2024,12,Q4,Nov_Dec_stable,11443,3671,1.0534,0.0358,0.0792,0.9956,True,MAE<=0.10C_and_RMSE<=0.20C,fixed_equation_evaluation_record
2024-12-23,2024,12,Q4,Nov_Dec_stable,11561,3633,1.0644,0.0328,0.0642,0.9957,True,MAE<=0.10C_and_RMSE<=0.20C,fixed_equation_evaluation_record
2024-12-24,2024,12,Q4,Nov_Dec_stable,11715,3612,1.0706,0.0296,0.0649,0.9951,True,MAE<=0.10C_and_RMSE<=0.20C,fixed_equation_evaluation_record
2024-12-25,2024,12,Q4,Nov_Dec_stable,11049,3601,1.0739,0.0387,0.0828,0.9948,True,MAE<=0.10C_and_RMSE<=0.20C,fixed_equation_evaluation_record
2024-12-26,2024,12,Q4,Nov_Dec_stable,11386,3701,1.0449,0.043,0.0879,0.9946,True,MAE<=0.10C_and_RMSE<=0.20C,fixed_equation_evaluation_record
2024-12-27,2024,12,Q4,Nov_Dec_stable,11605,3718,1.0401,0.0433,0.0662,0.9933,True,MAE<=0.10C_and_RMSE<=0.20C,fixed_equation_evaluation_record
2024-12-28,2024,12,Q4,Nov_Dec_stable,11461,3738,1.0345,0.0383,0.0677,0.9954,True,MAE<=0.10C_and_RMSE<=0.20C,fixed_equation_evaluation_record
2024-12-29,2024,12,Q4,Nov_Dec_stable,10631,3740,1.034,0.0407,0.0751,0.9942,True,MAE<=0.10C_and_RMSE<=0.20C,fixed_equation_evaluation_record
2024-12-30,2024,12,Q4,Nov_Dec_stable,11634,3740,1.034,0.0408,0.0881,0.9935,True,MAE<=0.10C_and_RMSE<=0.20C,fixed_equation_evaluation_record
2024-12-31,2024,12,Q4,Nov_Dec_stable,10458,3702,1.0446,0.0411,0.0691,0.9952,True,MAE<=0.10C_and_RMSE<=0.20C,fixed_equation_evaluation_record
